[http://dbpedia.org/resource/Cristiano_Ronaldo, http://dbpedia.org/ontology/team, http://dbpedia.org/resource/C.D._Nacional, 1995, 1997, 1993, 2, 0.13333333333333333]
[http://dbpedia.org/resource/Cristiano_Ronaldo, http://dbpedia.org/ontology/team, http://dbpedia.org/resource/C.D._Nacional, 1995, 1997, 1997, 4, 0.26666666666666666]
[http://dbpedia.org/resource/Cristiano_Ronaldo, http://dbpedia.org/ontology/team, http://dbpedia.org/resource/C.D._Nacional, 1995, 1997, 2001, 1, 0.06666666666666667]
[http://dbpedia.org/resource/Cristiano_Ronaldo, http://dbpedia.org/ontology/team, http://dbpedia.org/resource/C.D._Nacional, 1995, 1997, 2013, 1, 0.06666666666666667]
[http://dbpedia.org/resource/Cristiano_Ronaldo, http://dbpedia.org/ontology/team, http://dbpedia.org/resource/C.D._Nacional, 1995, 1997, 2012, 3, 0.2]
[http://dbpedia.org/resource/Cristiano_Ronaldo, http://dbpedia.org/ontology/team, http://dbpedia.org/resource/C.D._Nacional, 1995, 1997, 1995, 4, 0.26666666666666666]
[http://dbpedia.org/resource/Cristiano_Ronaldo, http://dbpedia.org/ontology/team, http://dbpedia.org/resource/Manchester_United_F.C., 2003, 2009, 2013, 67, 0.6146788990825688]
[http://dbpedia.org/resource/Cristiano_Ronaldo, http://dbpedia.org/ontology/team, http://dbpedia.org/resource/Manchester_United_F.C., 2003, 2009, 1992, 1, 0.009174311926605505]
[http://dbpedia.org/resource/Cristiano_Ronaldo, http://dbpedia.org/ontology/team, http://dbpedia.org/resource/Manchester_United_F.C., 2003, 2009, 2006, 4, 0.03669724770642202]
[http://dbpedia.org/resource/Cristiano_Ronaldo, http://dbpedia.org/ontology/team, http://dbpedia.org/resource/Manchester_United_F.C., 2003, 2009, 1999, 1, 0.009174311926605505]
[http://dbpedia.org/resource/Cristiano_Ronaldo, http://dbpedia.org/ontology/team, http://dbpedia.org/resource/Manchester_United_F.C., 2003, 2009, 1985, 1, 0.009174311926605505]
[http://dbpedia.org/resource/Cristiano_Ronaldo, http://dbpedia.org/ontology/team, http://dbpedia.org/resource/Manchester_United_F.C., 2003, 2009, 2012, 9, 0.08256880733944955]
[http://dbpedia.org/resource/Cristiano_Ronaldo, http://dbpedia.org/ontology/team, http://dbpedia.org/resource/Manchester_United_F.C., 2003, 2009, 2009, 7, 0.06422018348623854]
[http://dbpedia.org/resource/Cristiano_Ronaldo, http://dbpedia.org/ontology/team, http://dbpedia.org/resource/Manchester_United_F.C., 2003, 2009, 1755, 1, 0.009174311926605505]
[http://dbpedia.org/resource/Cristiano_Ronaldo, http://dbpedia.org/ontology/team, http://dbpedia.org/resource/Manchester_United_F.C., 2003, 2009, 2007, 1, 0.009174311926605505]
[http://dbpedia.org/resource/Cristiano_Ronaldo, http://dbpedia.org/ontology/team, http://dbpedia.org/resource/Manchester_United_F.C., 2003, 2009, 2011, 2, 0.01834862385321101]
[http://dbpedia.org/resource/Cristiano_Ronaldo, http://dbpedia.org/ontology/team, http://dbpedia.org/resource/Manchester_United_F.C., 2003, 2009, 2003, 10, 0.09174311926605505]
[http://dbpedia.org/resource/Cristiano_Ronaldo, http://dbpedia.org/ontology/team, http://dbpedia.org/resource/Manchester_United_F.C., 2003, 2009, 2008, 5, 0.045871559633027525]
[http://dbpedia.org/resource/Cristiano_Ronaldo, http://dbpedia.org/ontology/team, http://dbpedia.org/resource/C.F._Andorinha, 1993, 1995, 2001, 1, 0.0625]
[http://dbpedia.org/resource/Cristiano_Ronaldo, http://dbpedia.org/ontology/team, http://dbpedia.org/resource/C.F._Andorinha, 1993, 1995, 1997, 2, 0.125]
[http://dbpedia.org/resource/Cristiano_Ronaldo, http://dbpedia.org/ontology/team, http://dbpedia.org/resource/C.F._Andorinha, 1993, 1995, 1996, 2, 0.125]
[http://dbpedia.org/resource/Cristiano_Ronaldo, http://dbpedia.org/ontology/team, http://dbpedia.org/resource/C.F._Andorinha, 1993, 1995, 1993, 2, 0.125]
[http://dbpedia.org/resource/Cristiano_Ronaldo, http://dbpedia.org/ontology/team, http://dbpedia.org/resource/C.F._Andorinha, 1993, 1995, 1985, 2, 0.125]
[http://dbpedia.org/resource/Cristiano_Ronaldo, http://dbpedia.org/ontology/team, http://dbpedia.org/resource/C.F._Andorinha, 1993, 1995, 2003, 1, 0.0625]
[http://dbpedia.org/resource/Cristiano_Ronaldo, http://dbpedia.org/ontology/team, http://dbpedia.org/resource/C.F._Andorinha, 1993, 1995, 2012, 2, 0.125]
[http://dbpedia.org/resource/Cristiano_Ronaldo, http://dbpedia.org/ontology/team, http://dbpedia.org/resource/C.F._Andorinha, 1993, 1995, 1995, 3, 0.1875]
[http://dbpedia.org/resource/Cristiano_Ronaldo, http://dbpedia.org/ontology/team, http://dbpedia.org/resource/C.F._Andorinha, 1993, 1995, 2010, 1, 0.0625]
[http://dbpedia.org/resource/Cristiano_Ronaldo, http://dbpedia.org/ontology/team, http://dbpedia.org/resource/Sporting_Clube_de_Portugal, 1997, 2002, 2011, 3, 0.046153846153846156]
[http://dbpedia.org/resource/Cristiano_Ronaldo, http://dbpedia.org/ontology/team, http://dbpedia.org/resource/Sporting_Clube_de_Portugal, 1997, 2002, 1985, 1, 0.015384615384615385]
[http://dbpedia.org/resource/Cristiano_Ronaldo, http://dbpedia.org/ontology/team, http://dbpedia.org/resource/Sporting_Clube_de_Portugal, 1997, 2002, 2004, 1, 0.015384615384615385]
[http://dbpedia.org/resource/Cristiano_Ronaldo, http://dbpedia.org/ontology/team, http://dbpedia.org/resource/Sporting_Clube_de_Portugal, 1997, 2002, 2006, 2, 0.03076923076923077]
[http://dbpedia.org/resource/Cristiano_Ronaldo, http://dbpedia.org/ontology/team, http://dbpedia.org/resource/Sporting_Clube_de_Portugal, 1997, 2002, 2009, 4, 0.06153846153846154]
[http://dbpedia.org/resource/Cristiano_Ronaldo, http://dbpedia.org/ontology/team, http://dbpedia.org/resource/Sporting_Clube_de_Portugal, 1997, 2002, 2002, 3, 0.046153846153846156]
[http://dbpedia.org/resource/Cristiano_Ronaldo, http://dbpedia.org/ontology/team, http://dbpedia.org/resource/Sporting_Clube_de_Portugal, 1997, 2002, 2003, 7, 0.1076923076923077]
[http://dbpedia.org/resource/Cristiano_Ronaldo, http://dbpedia.org/ontology/team, http://dbpedia.org/resource/Sporting_Clube_de_Portugal, 1997, 2002, 2012, 39, 0.6]
[http://dbpedia.org/resource/Cristiano_Ronaldo, http://dbpedia.org/ontology/team, http://dbpedia.org/resource/Sporting_Clube_de_Portugal, 1997, 2002, 1996, 3, 0.046153846153846156]
[http://dbpedia.org/resource/Cristiano_Ronaldo, http://dbpedia.org/ontology/team, http://dbpedia.org/resource/Sporting_Clube_de_Portugal, 1997, 2002, 2013, 1, 0.015384615384615385]
[http://dbpedia.org/resource/Cristiano_Ronaldo, http://dbpedia.org/ontology/team, http://dbpedia.org/resource/Sporting_Clube_de_Portugal, 1997, 2002, 2008, 1, 0.015384615384615385]
[http://dbpedia.org/resource/Cristiano_Ronaldo, http://dbpedia.org/ontology/team, http://dbpedia.org/resource/Real_Madrid_C.F., 2009, null, 2015, 3, 0.01276595744680851]
[http://dbpedia.org/resource/Cristiano_Ronaldo, http://dbpedia.org/ontology/team, http://dbpedia.org/resource/Real_Madrid_C.F., 2009, null, 2000, 1, 0.00425531914893617]
[http://dbpedia.org/resource/Cristiano_Ronaldo, http://dbpedia.org/ontology/team, http://dbpedia.org/resource/Real_Madrid_C.F., 2009, null, 2011, 13, 0.05531914893617021]
[http://dbpedia.org/resource/Cristiano_Ronaldo, http://dbpedia.org/ontology/team, http://dbpedia.org/resource/Real_Madrid_C.F., 2009, null, 1985, 3, 0.01276595744680851]
[http://dbpedia.org/resource/Cristiano_Ronaldo, http://dbpedia.org/ontology/team, http://dbpedia.org/resource/Real_Madrid_C.F., 2009, null, 2008, 2, 0.00851063829787234]
[http://dbpedia.org/resource/Cristiano_Ronaldo, http://dbpedia.org/ontology/team, http://dbpedia.org/resource/Real_Madrid_C.F., 2009, null, 2003, 4, 0.01702127659574468]
[http://dbpedia.org/resource/Cristiano_Ronaldo, http://dbpedia.org/ontology/team, http://dbpedia.org/resource/Real_Madrid_C.F., 2009, null, 1980, 1, 0.00425531914893617]
[http://dbpedia.org/resource/Cristiano_Ronaldo, http://dbpedia.org/ontology/team, http://dbpedia.org/resource/Real_Madrid_C.F., 2009, null, 1200, 1, 0.00425531914893617]
[http://dbpedia.org/resource/Cristiano_Ronaldo, http://dbpedia.org/ontology/team, http://dbpedia.org/resource/Real_Madrid_C.F., 2009, null, 2012, 46, 0.19574468085106383]
[http://dbpedia.org/resource/Cristiano_Ronaldo, http://dbpedia.org/ontology/team, http://dbpedia.org/resource/Real_Madrid_C.F., 2009, null, 2010, 1, 0.00425531914893617]
[http://dbpedia.org/resource/Cristiano_Ronaldo, http://dbpedia.org/ontology/team, http://dbpedia.org/resource/Real_Madrid_C.F., 2009, null, 2013, 142, 0.6042553191489362]
[http://dbpedia.org/resource/Cristiano_Ronaldo, http://dbpedia.org/ontology/team, http://dbpedia.org/resource/Real_Madrid_C.F., 2009, null, 2009, 15, 0.06382978723404255]
[http://dbpedia.org/resource/Cristiano_Ronaldo, http://dbpedia.org/ontology/team, http://dbpedia.org/resource/Real_Madrid_C.F., 2009, null, 1988, 1, 0.00425531914893617]
[http://dbpedia.org/resource/Cristiano_Ronaldo, http://dbpedia.org/ontology/team, http://dbpedia.org/resource/Real_Madrid_C.F., 2009, null, 2006, 2, 0.00851063829787234]
[http://dbpedia.org/resource/Lionel_Messi, http://dbpedia.org/ontology/team, http://dbpedia.org/resource/FC_Barcelona, 2004, 2003, 2016, 1, 0.004016064257028112]
[http://dbpedia.org/resource/Lionel_Messi, http://dbpedia.org/ontology/team, http://dbpedia.org/resource/FC_Barcelona, 2004, 2003, 1995, 1, 0.004016064257028112]
[http://dbpedia.org/resource/Lionel_Messi, http://dbpedia.org/ontology/team, http://dbpedia.org/resource/FC_Barcelona, 2004, 2003, 2004, 3, 0.012048192771084338]
[http://dbpedia.org/resource/Lionel_Messi, http://dbpedia.org/ontology/team, http://dbpedia.org/resource/FC_Barcelona, 2004, 2003, 2013, 56, 0.2248995983935743]
[http://dbpedia.org/resource/Lionel_Messi, http://dbpedia.org/ontology/team, http://dbpedia.org/resource/FC_Barcelona, 2004, 2003, 2009, 8, 0.0321285140562249]
[http://dbpedia.org/resource/Lionel_Messi, http://dbpedia.org/ontology/team, http://dbpedia.org/resource/FC_Barcelona, 2004, 2003, 2011, 33, 0.13253012048192772]
[http://dbpedia.org/resource/Lionel_Messi, http://dbpedia.org/ontology/team, http://dbpedia.org/resource/FC_Barcelona, 2004, 2003, 2003, 2, 0.008032128514056224]
[http://dbpedia.org/resource/Lionel_Messi, http://dbpedia.org/ontology/team, http://dbpedia.org/resource/FC_Barcelona, 2004, 2003, 2018, 4, 0.01606425702811245]
[http://dbpedia.org/resource/Lionel_Messi, http://dbpedia.org/ontology/team, http://dbpedia.org/resource/FC_Barcelona, 2004, 2003, 2012, 123, 0.4939759036144578]
[http://dbpedia.org/resource/Lionel_Messi, http://dbpedia.org/ontology/team, http://dbpedia.org/resource/FC_Barcelona, 2004, 2003, 2010, 10, 0.040160642570281124]
[http://dbpedia.org/resource/Lionel_Messi, http://dbpedia.org/ontology/team, http://dbpedia.org/resource/FC_Barcelona, 2004, 2003, 2001, 1, 0.004016064257028112]
[http://dbpedia.org/resource/Lionel_Messi, http://dbpedia.org/ontology/team, http://dbpedia.org/resource/FC_Barcelona, 2004, 2003, 1987, 3, 0.012048192771084338]
[http://dbpedia.org/resource/Lionel_Messi, http://dbpedia.org/ontology/team, http://dbpedia.org/resource/FC_Barcelona, 2004, 2003, 2005, 4, 0.01606425702811245]
[http://dbpedia.org/resource/Lionel_Messi, http://dbpedia.org/ontology/team, http://dbpedia.org/resource/Newell's_Old_Boys, 1995, 2000, 1995, 3, 0.3]
[http://dbpedia.org/resource/Lionel_Messi, http://dbpedia.org/ontology/team, http://dbpedia.org/resource/Newell's_Old_Boys, 1995, 2000, 2005, 1, 0.1]
[http://dbpedia.org/resource/Lionel_Messi, http://dbpedia.org/ontology/team, http://dbpedia.org/resource/Newell's_Old_Boys, 1995, 2000, 2000, 2, 0.2]
[http://dbpedia.org/resource/Lionel_Messi, http://dbpedia.org/ontology/team, http://dbpedia.org/resource/Newell's_Old_Boys, 1995, 2000, 2012, 2, 0.2]
[http://dbpedia.org/resource/Lionel_Messi, http://dbpedia.org/ontology/team, http://dbpedia.org/resource/Newell's_Old_Boys, 1995, 2000, 2013, 2, 0.2]
[http://dbpedia.org/resource/Lionel_Messi, http://dbpedia.org/ontology/team, http://dbpedia.org/resource/FC_Barcelona_C, 2003, 2004, 2003, 1, 0.2]
[http://dbpedia.org/resource/Lionel_Messi, http://dbpedia.org/ontology/team, http://dbpedia.org/resource/FC_Barcelona_C, 2003, 2004, 2004, 3, 0.6]
[http://dbpedia.org/resource/Lionel_Messi, http://dbpedia.org/ontology/team, http://dbpedia.org/resource/FC_Barcelona_C, 2003, 2004, 2005, 1, 0.2]
[http://dbpedia.org/resource/Lionel_Messi, http://dbpedia.org/ontology/team, http://dbpedia.org/resource/FC_Barcelona_B, 2004, 2005, 2000, 1, 0.07692307692307693]
[http://dbpedia.org/resource/Lionel_Messi, http://dbpedia.org/ontology/team, http://dbpedia.org/resource/FC_Barcelona_B, 2004, 2005, 2003, 2, 0.15384615384615385]
[http://dbpedia.org/resource/Lionel_Messi, http://dbpedia.org/ontology/team, http://dbpedia.org/resource/FC_Barcelona_B, 2004, 2005, 1995, 1, 0.07692307692307693]
[http://dbpedia.org/resource/Lionel_Messi, http://dbpedia.org/ontology/team, http://dbpedia.org/resource/FC_Barcelona_B, 2004, 2005, 2012, 2, 0.15384615384615385]
[http://dbpedia.org/resource/Lionel_Messi, http://dbpedia.org/ontology/team, http://dbpedia.org/resource/FC_Barcelona_B, 2004, 2005, 2005, 1, 0.07692307692307693]
[http://dbpedia.org/resource/Lionel_Messi, http://dbpedia.org/ontology/team, http://dbpedia.org/resource/FC_Barcelona_B, 2004, 2005, 2004, 6, 0.46153846153846156]
[http://dbpedia.org/resource/Lionel_Messi, http://dbpedia.org/ontology/team, http://dbpedia.org/resource/Argentina_national_football_team, 2005, null, 2009, 1, 0.5]
[http://dbpedia.org/resource/Lionel_Messi, http://dbpedia.org/ontology/team, http://dbpedia.org/resource/Argentina_national_football_team, 2005, null, 2012, 1, 0.5]
[http://dbpedia.org/resource/Eden_Hazard, http://dbpedia.org/ontology/team, http://dbpedia.org/resource/Lille_OSC, 2005, 2007, 3207, 1, 0.014492753623188406]
[http://dbpedia.org/resource/Eden_Hazard, http://dbpedia.org/ontology/team, http://dbpedia.org/resource/Lille_OSC, 2005, 2007, 2010, 4, 0.057971014492753624]
[http://dbpedia.org/resource/Eden_Hazard, http://dbpedia.org/ontology/team, http://dbpedia.org/resource/Lille_OSC, 2005, 2007, 2015, 3, 0.043478260869565216]
[http://dbpedia.org/resource/Eden_Hazard, http://dbpedia.org/ontology/team, http://dbpedia.org/resource/Lille_OSC, 2005, 2007, 1991, 5, 0.07246376811594203]
[http://dbpedia.org/resource/Eden_Hazard, http://dbpedia.org/ontology/team, http://dbpedia.org/resource/Lille_OSC, 2005, 2007, 2012, 42, 0.6086956521739131]
[http://dbpedia.org/resource/Eden_Hazard, http://dbpedia.org/ontology/team, http://dbpedia.org/resource/Lille_OSC, 2005, 2007, 2014, 1, 0.014492753623188406]
[http://dbpedia.org/resource/Eden_Hazard, http://dbpedia.org/ontology/team, http://dbpedia.org/resource/Lille_OSC, 2005, 2007, 2013, 2, 0.028985507246376812]
[http://dbpedia.org/resource/Eden_Hazard, http://dbpedia.org/ontology/team, http://dbpedia.org/resource/Lille_OSC, 2005, 2007, 2011, 7, 0.10144927536231885]
[http://dbpedia.org/resource/Eden_Hazard, http://dbpedia.org/ontology/team, http://dbpedia.org/resource/Lille_OSC, 2005, 2007, 2005, 4, 0.057971014492753624]
[http://dbpedia.org/resource/Karim_Benzema, http://dbpedia.org/ontology/team, http://dbpedia.org/resource/Olympique_Lyonnais, 2004, 2009, 2008, 2, 0.08333333333333333]
[http://dbpedia.org/resource/Karim_Benzema, http://dbpedia.org/ontology/team, http://dbpedia.org/resource/Olympique_Lyonnais, 2004, 2009, 2011, 2, 0.08333333333333333]
[http://dbpedia.org/resource/Karim_Benzema, http://dbpedia.org/ontology/team, http://dbpedia.org/resource/Olympique_Lyonnais, 2004, 2009, 2002, 1, 0.041666666666666664]
[http://dbpedia.org/resource/Karim_Benzema, http://dbpedia.org/ontology/team, http://dbpedia.org/resource/Olympique_Lyonnais, 2004, 2009, 2009, 13, 0.5416666666666666]
[http://dbpedia.org/resource/Karim_Benzema, http://dbpedia.org/ontology/team, http://dbpedia.org/resource/Olympique_Lyonnais, 2004, 2009, 2000, 1, 0.041666666666666664]
[http://dbpedia.org/resource/Karim_Benzema, http://dbpedia.org/ontology/team, http://dbpedia.org/resource/Olympique_Lyonnais, 2004, 2009, 2012, 1, 0.041666666666666664]
[http://dbpedia.org/resource/Karim_Benzema, http://dbpedia.org/ontology/team, http://dbpedia.org/resource/Olympique_Lyonnais, 2004, 2009, 1987, 1, 0.041666666666666664]
[http://dbpedia.org/resource/Karim_Benzema, http://dbpedia.org/ontology/team, http://dbpedia.org/resource/Olympique_Lyonnais, 2004, 2009, 2013, 3, 0.125]
[http://dbpedia.org/resource/Karim_Benzema, http://dbpedia.org/ontology/team, http://dbpedia.org/resource/Real_Madrid_C.F., 2009, null, 1997, 3, 0.03896103896103896]
[http://dbpedia.org/resource/Karim_Benzema, http://dbpedia.org/ontology/team, http://dbpedia.org/resource/Real_Madrid_C.F., 2009, null, 2013, 30, 0.38961038961038963]
[http://dbpedia.org/resource/Karim_Benzema, http://dbpedia.org/ontology/team, http://dbpedia.org/resource/Real_Madrid_C.F., 2009, null, 2014, 1, 0.012987012987012988]
[http://dbpedia.org/resource/Karim_Benzema, http://dbpedia.org/ontology/team, http://dbpedia.org/resource/Real_Madrid_C.F., 2009, null, 2012, 13, 0.16883116883116883]
[http://dbpedia.org/resource/Karim_Benzema, http://dbpedia.org/ontology/team, http://dbpedia.org/resource/Real_Madrid_C.F., 2009, null, 2008, 2, 0.025974025974025976]
[http://dbpedia.org/resource/Karim_Benzema, http://dbpedia.org/ontology/team, http://dbpedia.org/resource/Real_Madrid_C.F., 2009, null, 2009, 14, 0.18181818181818182]
[http://dbpedia.org/resource/Karim_Benzema, http://dbpedia.org/ontology/team, http://dbpedia.org/resource/Real_Madrid_C.F., 2009, null, 2005, 1, 0.012987012987012988]
[http://dbpedia.org/resource/Karim_Benzema, http://dbpedia.org/ontology/team, http://dbpedia.org/resource/Real_Madrid_C.F., 2009, null, 1348, 1, 0.012987012987012988]
[http://dbpedia.org/resource/Karim_Benzema, http://dbpedia.org/ontology/team, http://dbpedia.org/resource/Real_Madrid_C.F., 2009, null, 2011, 3, 0.03896103896103896]
[http://dbpedia.org/resource/Karim_Benzema, http://dbpedia.org/ontology/team, http://dbpedia.org/resource/Real_Madrid_C.F., 2009, null, 2015, 3, 0.03896103896103896]
[http://dbpedia.org/resource/Karim_Benzema, http://dbpedia.org/ontology/team, http://dbpedia.org/resource/Real_Madrid_C.F., 2009, null, 2004, 1, 0.012987012987012988]
[http://dbpedia.org/resource/Karim_Benzema, http://dbpedia.org/ontology/team, http://dbpedia.org/resource/Real_Madrid_C.F., 2009, null, 1987, 5, 0.06493506493506493]
[http://dbpedia.org/resource/Wayne_Rooney, http://dbpedia.org/ontology/team, http://dbpedia.org/resource/Manchester_United_F.C., 2004, null, 2014, 1, 0.008695652173913044]
[http://dbpedia.org/resource/Wayne_Rooney, http://dbpedia.org/ontology/team, http://dbpedia.org/resource/Manchester_United_F.C., 2004, null, 2010, 1, 0.008695652173913044]
[http://dbpedia.org/resource/Wayne_Rooney, http://dbpedia.org/ontology/team, http://dbpedia.org/resource/Manchester_United_F.C., 2004, null, 2012, 22, 0.19130434782608696]
[http://dbpedia.org/resource/Wayne_Rooney, http://dbpedia.org/ontology/team, http://dbpedia.org/resource/Manchester_United_F.C., 2004, null, 2005, 1, 0.008695652173913044]
[http://dbpedia.org/resource/Wayne_Rooney, http://dbpedia.org/ontology/team, http://dbpedia.org/resource/Manchester_United_F.C., 2004, null, 2003, 2, 0.017391304347826087]
[http://dbpedia.org/resource/Wayne_Rooney, http://dbpedia.org/ontology/team, http://dbpedia.org/resource/Manchester_United_F.C., 2004, null, 2015, 5, 0.043478260869565216]
[http://dbpedia.org/resource/Wayne_Rooney, http://dbpedia.org/ontology/team, http://dbpedia.org/resource/Manchester_United_F.C., 2004, null, 2006, 1, 0.008695652173913044]
[http://dbpedia.org/resource/Wayne_Rooney, http://dbpedia.org/ontology/team, http://dbpedia.org/resource/Manchester_United_F.C., 2004, null, 2011, 12, 0.10434782608695652]
[http://dbpedia.org/resource/Wayne_Rooney, http://dbpedia.org/ontology/team, http://dbpedia.org/resource/Manchester_United_F.C., 2004, null, 2013, 53, 0.4608695652173913]
[http://dbpedia.org/resource/Wayne_Rooney, http://dbpedia.org/ontology/team, http://dbpedia.org/resource/Manchester_United_F.C., 2004, null, 1985, 6, 0.05217391304347826]
[http://dbpedia.org/resource/Wayne_Rooney, http://dbpedia.org/ontology/team, http://dbpedia.org/resource/Manchester_United_F.C., 2004, null, 2008, 3, 0.02608695652173913]
[http://dbpedia.org/resource/Wayne_Rooney, http://dbpedia.org/ontology/team, http://dbpedia.org/resource/Manchester_United_F.C., 2004, null, 2007, 1, 0.008695652173913044]
[http://dbpedia.org/resource/Wayne_Rooney, http://dbpedia.org/ontology/team, http://dbpedia.org/resource/Manchester_United_F.C., 2004, null, 2009, 1, 0.008695652173913044]
[http://dbpedia.org/resource/Wayne_Rooney, http://dbpedia.org/ontology/team, http://dbpedia.org/resource/Manchester_United_F.C., 2004, null, 2000, 1, 0.008695652173913044]
[http://dbpedia.org/resource/Wayne_Rooney, http://dbpedia.org/ontology/team, http://dbpedia.org/resource/Manchester_United_F.C., 2004, null, 2004, 4, 0.034782608695652174]
[http://dbpedia.org/resource/Wayne_Rooney, http://dbpedia.org/ontology/team, http://dbpedia.org/resource/Manchester_United_F.C., 2004, null, 2001, 1, 0.008695652173913044]
[http://dbpedia.org/resource/Wayne_Rooney, http://dbpedia.org/ontology/team, http://dbpedia.org/resource/Everton_F.C., 2002, 2004, 1985, 1, 0.022727272727272728]
[http://dbpedia.org/resource/Wayne_Rooney, http://dbpedia.org/ontology/team, http://dbpedia.org/resource/Everton_F.C., 2002, 2004, 2011, 7, 0.1590909090909091]
[http://dbpedia.org/resource/Wayne_Rooney, http://dbpedia.org/ontology/team, http://dbpedia.org/resource/Everton_F.C., 2002, 2004, 2005, 3, 0.06818181818181818]
[http://dbpedia.org/resource/Wayne_Rooney, http://dbpedia.org/ontology/team, http://dbpedia.org/resource/Everton_F.C., 2002, 2004, 1995, 1, 0.022727272727272728]
[http://dbpedia.org/resource/Wayne_Rooney, http://dbpedia.org/ontology/team, http://dbpedia.org/resource/Everton_F.C., 2002, 2004, 2008, 1, 0.022727272727272728]
[http://dbpedia.org/resource/Wayne_Rooney, http://dbpedia.org/ontology/team, http://dbpedia.org/resource/Everton_F.C., 2002, 2004, 2009, 4, 0.09090909090909091]
[http://dbpedia.org/resource/Wayne_Rooney, http://dbpedia.org/ontology/team, http://dbpedia.org/resource/Everton_F.C., 2002, 2004, 2012, 3, 0.06818181818181818]
[http://dbpedia.org/resource/Wayne_Rooney, http://dbpedia.org/ontology/team, http://dbpedia.org/resource/Everton_F.C., 2002, 2004, 2001, 1, 0.022727272727272728]
[http://dbpedia.org/resource/Wayne_Rooney, http://dbpedia.org/ontology/team, http://dbpedia.org/resource/Everton_F.C., 2002, 2004, 2004, 3, 0.06818181818181818]
[http://dbpedia.org/resource/Wayne_Rooney, http://dbpedia.org/ontology/team, http://dbpedia.org/resource/Everton_F.C., 2002, 2004, 2010, 6, 0.13636363636363635]
[http://dbpedia.org/resource/Wayne_Rooney, http://dbpedia.org/ontology/team, http://dbpedia.org/resource/Everton_F.C., 2002, 2004, 2013, 1, 0.022727272727272728]
[http://dbpedia.org/resource/Wayne_Rooney, http://dbpedia.org/ontology/team, http://dbpedia.org/resource/Everton_F.C., 2002, 2004, 2006, 1, 0.022727272727272728]
[http://dbpedia.org/resource/Wayne_Rooney, http://dbpedia.org/ontology/team, http://dbpedia.org/resource/Everton_F.C., 2002, 2004, 2002, 4, 0.09090909090909091]
[http://dbpedia.org/resource/Wayne_Rooney, http://dbpedia.org/ontology/team, http://dbpedia.org/resource/Everton_F.C., 2002, 2004, 2003, 6, 0.13636363636363635]
[http://dbpedia.org/resource/Wayne_Rooney, http://dbpedia.org/ontology/team, http://dbpedia.org/resource/Everton_F.C., 2002, 2004, 1996, 2, 0.045454545454545456]
[http://dbpedia.org/resource/Samir_Nasri, http://dbpedia.org/ontology/team, http://dbpedia.org/resource/Manchester_City_F.C., 2011, null, 2006, 1, 0.01]
[http://dbpedia.org/resource/Samir_Nasri, http://dbpedia.org/ontology/team, http://dbpedia.org/resource/Manchester_City_F.C., 2011, null, 2015, 2, 0.02]
[http://dbpedia.org/resource/Samir_Nasri, http://dbpedia.org/ontology/team, http://dbpedia.org/resource/Manchester_City_F.C., 2011, null, 2003, 1, 0.01]
[http://dbpedia.org/resource/Samir_Nasri, http://dbpedia.org/ontology/team, http://dbpedia.org/resource/Manchester_City_F.C., 2011, null, 2013, 34, 0.34]
[http://dbpedia.org/resource/Samir_Nasri, http://dbpedia.org/ontology/team, http://dbpedia.org/resource/Manchester_City_F.C., 2011, null, 2012, 11, 0.11]
[http://dbpedia.org/resource/Samir_Nasri, http://dbpedia.org/ontology/team, http://dbpedia.org/resource/Manchester_City_F.C., 2011, null, 2011, 31, 0.31]
[http://dbpedia.org/resource/Samir_Nasri, http://dbpedia.org/ontology/team, http://dbpedia.org/resource/Manchester_City_F.C., 2011, null, 2009, 1, 0.01]
[http://dbpedia.org/resource/Samir_Nasri, http://dbpedia.org/ontology/team, http://dbpedia.org/resource/Manchester_City_F.C., 2011, null, 2007, 3, 0.03]
[http://dbpedia.org/resource/Samir_Nasri, http://dbpedia.org/ontology/team, http://dbpedia.org/resource/Manchester_City_F.C., 2011, null, 1987, 9, 0.09]
[http://dbpedia.org/resource/Samir_Nasri, http://dbpedia.org/ontology/team, http://dbpedia.org/resource/Manchester_City_F.C., 2011, null, 2008, 6, 0.06]
[http://dbpedia.org/resource/Samir_Nasri, http://dbpedia.org/ontology/team, http://dbpedia.org/resource/Manchester_City_F.C., 2011, null, 2002, 1, 0.01]
[http://dbpedia.org/resource/Samir_Nasri, http://dbpedia.org/ontology/team, http://dbpedia.org/resource/Olympique_de_Marseille, 1997, 2004, 1987, 6, 0.21428571428571427]
[http://dbpedia.org/resource/Samir_Nasri, http://dbpedia.org/ontology/team, http://dbpedia.org/resource/Olympique_de_Marseille, 1997, 2004, 2005, 1, 0.03571428571428571]
[http://dbpedia.org/resource/Samir_Nasri, http://dbpedia.org/ontology/team, http://dbpedia.org/resource/Olympique_de_Marseille, 1997, 2004, 1996, 1, 0.03571428571428571]
[http://dbpedia.org/resource/Samir_Nasri, http://dbpedia.org/ontology/team, http://dbpedia.org/resource/Olympique_de_Marseille, 1997, 2004, 2000, 1, 0.03571428571428571]
[http://dbpedia.org/resource/Samir_Nasri, http://dbpedia.org/ontology/team, http://dbpedia.org/resource/Olympique_de_Marseille, 1997, 2004, 2007, 2, 0.07142857142857142]
[http://dbpedia.org/resource/Samir_Nasri, http://dbpedia.org/ontology/team, http://dbpedia.org/resource/Olympique_de_Marseille, 1997, 2004, 2004, 1, 0.03571428571428571]
[http://dbpedia.org/resource/Samir_Nasri, http://dbpedia.org/ontology/team, http://dbpedia.org/resource/Olympique_de_Marseille, 1997, 2004, 2012, 2, 0.07142857142857142]
[http://dbpedia.org/resource/Samir_Nasri, http://dbpedia.org/ontology/team, http://dbpedia.org/resource/Olympique_de_Marseille, 1997, 2004, 2011, 3, 0.10714285714285714]
[http://dbpedia.org/resource/Samir_Nasri, http://dbpedia.org/ontology/team, http://dbpedia.org/resource/Olympique_de_Marseille, 1997, 2004, 2008, 8, 0.2857142857142857]
[http://dbpedia.org/resource/Samir_Nasri, http://dbpedia.org/ontology/team, http://dbpedia.org/resource/Olympique_de_Marseille, 1997, 2004, 2009, 2, 0.07142857142857142]
[http://dbpedia.org/resource/Samir_Nasri, http://dbpedia.org/ontology/team, http://dbpedia.org/resource/Olympique_de_Marseille, 1997, 2004, 1979, 1, 0.03571428571428571]
[http://dbpedia.org/resource/Robin_van_Persie, http://dbpedia.org/ontology/team, http://dbpedia.org/resource/SBV_Excelsior, 1998, 1999, 2011, 6, 0.3157894736842105]
[http://dbpedia.org/resource/Robin_van_Persie, http://dbpedia.org/ontology/team, http://dbpedia.org/resource/SBV_Excelsior, 1998, 1999, 2013, 6, 0.3157894736842105]
[http://dbpedia.org/resource/Robin_van_Persie, http://dbpedia.org/ontology/team, http://dbpedia.org/resource/SBV_Excelsior, 1998, 1999, 2001, 1, 0.05263157894736842]
[http://dbpedia.org/resource/Robin_van_Persie, http://dbpedia.org/ontology/team, http://dbpedia.org/resource/SBV_Excelsior, 1998, 1999, 8201, 6, 0.3157894736842105]
[http://dbpedia.org/resource/Robin_van_Persie, http://dbpedia.org/ontology/team, http://dbpedia.org/resource/Feyenoord, 2001, 2004, 2011, 4, 0.4]
[http://dbpedia.org/resource/Robin_van_Persie, http://dbpedia.org/ontology/team, http://dbpedia.org/resource/Feyenoord, 2001, 2004, 2013, 1, 0.1]
[http://dbpedia.org/resource/Robin_van_Persie, http://dbpedia.org/ontology/team, http://dbpedia.org/resource/Feyenoord, 2001, 2004, 2002, 2, 0.2]
[http://dbpedia.org/resource/Robin_van_Persie, http://dbpedia.org/ontology/team, http://dbpedia.org/resource/Feyenoord, 2001, 2004, 2004, 3, 0.3]
[http://dbpedia.org/resource/Nelson_Haedo_Valdez, http://dbpedia.org/ontology/team, http://dbpedia.org/resource/Borussia_Dortmund, 2006, 2010, 2011, 1, 0.25]
[http://dbpedia.org/resource/Nelson_Haedo_Valdez, http://dbpedia.org/ontology/team, http://dbpedia.org/resource/Borussia_Dortmund, 2006, 2010, 2010, 3, 0.75]
[http://dbpedia.org/resource/Nelson_Haedo_Valdez, http://dbpedia.org/ontology/team, http://dbpedia.org/resource/Hércules_CF, 2010, 2011, 2010, 2, 0.5]
[http://dbpedia.org/resource/Nelson_Haedo_Valdez, http://dbpedia.org/ontology/team, http://dbpedia.org/resource/Hércules_CF, 2010, 2011, 1973, 1, 0.25]
[http://dbpedia.org/resource/Nelson_Haedo_Valdez, http://dbpedia.org/ontology/team, http://dbpedia.org/resource/Hércules_CF, 2010, 2011, 2011, 1, 0.25]
[http://dbpedia.org/resource/Nelson_Haedo_Valdez, http://dbpedia.org/ontology/team, http://dbpedia.org/resource/SV_Werder_Bremen, 2002, 2006, 2006, 1, 1.0]
[http://dbpedia.org/resource/Nelson_Haedo_Valdez, http://dbpedia.org/ontology/team, http://dbpedia.org/resource/FC_Rubin_Kazan, 2011, null, 2004, 1, 0.08333333333333333]
[http://dbpedia.org/resource/Nelson_Haedo_Valdez, http://dbpedia.org/ontology/team, http://dbpedia.org/resource/FC_Rubin_Kazan, 2011, null, 2012, 1, 0.08333333333333333]
[http://dbpedia.org/resource/Nelson_Haedo_Valdez, http://dbpedia.org/ontology/team, http://dbpedia.org/resource/FC_Rubin_Kazan, 2011, null, 2011, 1, 0.08333333333333333]
[http://dbpedia.org/resource/Nelson_Haedo_Valdez, http://dbpedia.org/ontology/team, http://dbpedia.org/resource/FC_Rubin_Kazan, 2011, null, 1990, 2, 0.16666666666666666]
[http://dbpedia.org/resource/Nelson_Haedo_Valdez, http://dbpedia.org/ontology/team, http://dbpedia.org/resource/FC_Rubin_Kazan, 2011, null, 2010, 1, 0.08333333333333333]
[http://dbpedia.org/resource/Nelson_Haedo_Valdez, http://dbpedia.org/ontology/team, http://dbpedia.org/resource/FC_Rubin_Kazan, 2011, null, 1983, 2, 0.16666666666666666]
[http://dbpedia.org/resource/Nelson_Haedo_Valdez, http://dbpedia.org/ontology/team, http://dbpedia.org/resource/FC_Rubin_Kazan, 2011, null, 2013, 2, 0.16666666666666666]
[http://dbpedia.org/resource/Nelson_Haedo_Valdez, http://dbpedia.org/ontology/team, http://dbpedia.org/resource/FC_Rubin_Kazan, 2011, null, 2015, 1, 0.08333333333333333]
[http://dbpedia.org/resource/Nelson_Haedo_Valdez, http://dbpedia.org/ontology/team, http://dbpedia.org/resource/FC_Rubin_Kazan, 2011, null, 2003, 1, 0.08333333333333333]
[http://dbpedia.org/resource/Mario_Balotelli, http://dbpedia.org/ontology/team, http://dbpedia.org/resource/Manchester_City_F.C., 2010, null, 2017, 3, 0.038461538461538464]
[http://dbpedia.org/resource/Mario_Balotelli, http://dbpedia.org/ontology/team, http://dbpedia.org/resource/Manchester_City_F.C., 2010, null, 2013, 37, 0.47435897435897434]
[http://dbpedia.org/resource/Mario_Balotelli, http://dbpedia.org/ontology/team, http://dbpedia.org/resource/Manchester_City_F.C., 2010, null, 2011, 13, 0.16666666666666666]
[http://dbpedia.org/resource/Mario_Balotelli, http://dbpedia.org/ontology/team, http://dbpedia.org/resource/Manchester_City_F.C., 2010, null, 2012, 13, 0.16666666666666666]
[http://dbpedia.org/resource/Mario_Balotelli, http://dbpedia.org/ontology/team, http://dbpedia.org/resource/Manchester_City_F.C., 2010, null, 1989, 1, 0.01282051282051282]
[http://dbpedia.org/resource/Mario_Balotelli, http://dbpedia.org/ontology/team, http://dbpedia.org/resource/Manchester_City_F.C., 2010, null, 2010, 11, 0.14102564102564102]
[http://dbpedia.org/resource/Mario_Balotelli, http://dbpedia.org/ontology/team, http://dbpedia.org/resource/F.C._Internazionale_Milano, 2006, 2010, 2013, 38, 0.7755102040816326]
[http://dbpedia.org/resource/Mario_Balotelli, http://dbpedia.org/ontology/team, http://dbpedia.org/resource/F.C._Internazionale_Milano, 2006, 2010, 2007, 1, 0.02040816326530612]
[http://dbpedia.org/resource/Mario_Balotelli, http://dbpedia.org/ontology/team, http://dbpedia.org/resource/F.C._Internazionale_Milano, 2006, 2010, 2011, 4, 0.08163265306122448]
[http://dbpedia.org/resource/Mario_Balotelli, http://dbpedia.org/ontology/team, http://dbpedia.org/resource/F.C._Internazionale_Milano, 2006, 2010, 2009, 2, 0.04081632653061224]
[http://dbpedia.org/resource/Mario_Balotelli, http://dbpedia.org/ontology/team, http://dbpedia.org/resource/F.C._Internazionale_Milano, 2006, 2010, 2012, 4, 0.08163265306122448]
[http://dbpedia.org/resource/James_Milner, http://dbpedia.org/ontology/team, http://dbpedia.org/resource/Leeds_United_A.F.C., 2002, 2004, 1967, 1, 0.038461538461538464]
[http://dbpedia.org/resource/James_Milner, http://dbpedia.org/ontology/team, http://dbpedia.org/resource/Leeds_United_A.F.C., 2002, 2004, 2015, 2, 0.07692307692307693]
[http://dbpedia.org/resource/James_Milner, http://dbpedia.org/ontology/team, http://dbpedia.org/resource/Leeds_United_A.F.C., 2002, 2004, 1996, 3, 0.11538461538461539]
[http://dbpedia.org/resource/James_Milner, http://dbpedia.org/ontology/team, http://dbpedia.org/resource/Leeds_United_A.F.C., 2002, 2004, 2005, 1, 0.038461538461538464]
[http://dbpedia.org/resource/James_Milner, http://dbpedia.org/ontology/team, http://dbpedia.org/resource/Leeds_United_A.F.C., 2002, 2004, 1986, 4, 0.15384615384615385]
[http://dbpedia.org/resource/James_Milner, http://dbpedia.org/ontology/team, http://dbpedia.org/resource/Leeds_United_A.F.C., 2002, 2004, 1929, 1, 0.038461538461538464]
[http://dbpedia.org/resource/James_Milner, http://dbpedia.org/ontology/team, http://dbpedia.org/resource/Leeds_United_A.F.C., 2002, 2004, 1951, 1, 0.038461538461538464]
[http://dbpedia.org/resource/James_Milner, http://dbpedia.org/ontology/team, http://dbpedia.org/resource/Leeds_United_A.F.C., 2002, 2004, 2002, 3, 0.11538461538461539]
[http://dbpedia.org/resource/James_Milner, http://dbpedia.org/ontology/team, http://dbpedia.org/resource/Leeds_United_A.F.C., 2002, 2004, 1989, 2, 0.07692307692307693]
[http://dbpedia.org/resource/James_Milner, http://dbpedia.org/ontology/team, http://dbpedia.org/resource/Leeds_United_A.F.C., 2002, 2004, 2003, 2, 0.07692307692307693]
[http://dbpedia.org/resource/James_Milner, http://dbpedia.org/ontology/team, http://dbpedia.org/resource/Leeds_United_A.F.C., 2002, 2004, 2008, 1, 0.038461538461538464]
[http://dbpedia.org/resource/James_Milner, http://dbpedia.org/ontology/team, http://dbpedia.org/resource/Leeds_United_A.F.C., 2002, 2004, 2010, 1, 0.038461538461538464]
[http://dbpedia.org/resource/James_Milner, http://dbpedia.org/ontology/team, http://dbpedia.org/resource/Leeds_United_A.F.C., 2002, 2004, 2013, 3, 0.11538461538461539]
[http://dbpedia.org/resource/James_Milner, http://dbpedia.org/ontology/team, http://dbpedia.org/resource/Leeds_United_A.F.C., 2002, 2004, 2007, 1, 0.038461538461538464]
[http://dbpedia.org/resource/James_Milner, http://dbpedia.org/ontology/team, http://dbpedia.org/resource/Swindon_Town_F.C., 2003, null, 2003, 2, 1.0]
[http://dbpedia.org/resource/James_Milner, http://dbpedia.org/ontology/team, http://dbpedia.org/resource/Newcastle_United_F.C., 2004, 2008, 2011, 1, 0.06666666666666667]
[http://dbpedia.org/resource/James_Milner, http://dbpedia.org/ontology/team, http://dbpedia.org/resource/Newcastle_United_F.C., 2004, 2008, 1975, 1, 0.06666666666666667]
[http://dbpedia.org/resource/James_Milner, http://dbpedia.org/ontology/team, http://dbpedia.org/resource/Newcastle_United_F.C., 2004, 2008, 1983, 1, 0.06666666666666667]
[http://dbpedia.org/resource/James_Milner, http://dbpedia.org/ontology/team, http://dbpedia.org/resource/Newcastle_United_F.C., 2004, 2008, 2012, 1, 0.06666666666666667]
[http://dbpedia.org/resource/James_Milner, http://dbpedia.org/ontology/team, http://dbpedia.org/resource/Newcastle_United_F.C., 2004, 2008, 1986, 2, 0.13333333333333333]
[http://dbpedia.org/resource/James_Milner, http://dbpedia.org/ontology/team, http://dbpedia.org/resource/Newcastle_United_F.C., 2004, 2008, 2006, 1, 0.06666666666666667]
[http://dbpedia.org/resource/James_Milner, http://dbpedia.org/ontology/team, http://dbpedia.org/resource/Newcastle_United_F.C., 2004, 2008, 2005, 1, 0.06666666666666667]
[http://dbpedia.org/resource/James_Milner, http://dbpedia.org/ontology/team, http://dbpedia.org/resource/Newcastle_United_F.C., 2004, 2008, 2007, 1, 0.06666666666666667]
[http://dbpedia.org/resource/James_Milner, http://dbpedia.org/ontology/team, http://dbpedia.org/resource/Newcastle_United_F.C., 2004, 2008, 2009, 2, 0.13333333333333333]
[http://dbpedia.org/resource/James_Milner, http://dbpedia.org/ontology/team, http://dbpedia.org/resource/Newcastle_United_F.C., 2004, 2008, 2008, 3, 0.2]
[http://dbpedia.org/resource/James_Milner, http://dbpedia.org/ontology/team, http://dbpedia.org/resource/Newcastle_United_F.C., 2004, 2008, 2013, 1, 0.06666666666666667]
[http://dbpedia.org/resource/James_Milner, http://dbpedia.org/ontology/team, http://dbpedia.org/resource/Aston_Villa_F.C., 2008, 2006, 2009, 1, 0.04]
[http://dbpedia.org/resource/James_Milner, http://dbpedia.org/ontology/team, http://dbpedia.org/resource/Aston_Villa_F.C., 2008, 2006, 2007, 3, 0.12]
[http://dbpedia.org/resource/James_Milner, http://dbpedia.org/ontology/team, http://dbpedia.org/resource/Aston_Villa_F.C., 2008, 2006, 2013, 1, 0.04]
[http://dbpedia.org/resource/James_Milner, http://dbpedia.org/ontology/team, http://dbpedia.org/resource/Aston_Villa_F.C., 2008, 2006, 2006, 4, 0.16]
[http://dbpedia.org/resource/James_Milner, http://dbpedia.org/ontology/team, http://dbpedia.org/resource/Aston_Villa_F.C., 2008, 2006, 2005, 2, 0.08]
[http://dbpedia.org/resource/James_Milner, http://dbpedia.org/ontology/team, http://dbpedia.org/resource/Aston_Villa_F.C., 2008, 2006, 2010, 8, 0.32]
[http://dbpedia.org/resource/James_Milner, http://dbpedia.org/ontology/team, http://dbpedia.org/resource/Aston_Villa_F.C., 2008, 2006, 2008, 6, 0.24]
[http://dbpedia.org/resource/Fernando_Torres, http://dbpedia.org/ontology/team, http://dbpedia.org/resource/Atlético_Madrid, 2001, 2007, 2012, 3, 0.3]
[http://dbpedia.org/resource/Fernando_Torres, http://dbpedia.org/ontology/team, http://dbpedia.org/resource/Atlético_Madrid, 2001, 2007, 2007, 4, 0.4]
[http://dbpedia.org/resource/Fernando_Torres, http://dbpedia.org/ontology/team, http://dbpedia.org/resource/Atlético_Madrid, 2001, 2007, 2013, 3, 0.3]
[http://dbpedia.org/resource/Fernando_Torres, http://dbpedia.org/ontology/team, http://dbpedia.org/resource/Liverpool_F.C., 2007, 2011, 2013, 9, 0.11538461538461539]
[http://dbpedia.org/resource/Fernando_Torres, http://dbpedia.org/ontology/team, http://dbpedia.org/resource/Liverpool_F.C., 2007, 2011, 2012, 10, 0.1282051282051282]
[http://dbpedia.org/resource/Fernando_Torres, http://dbpedia.org/ontology/team, http://dbpedia.org/resource/Liverpool_F.C., 2007, 2011, 2005, 1, 0.01282051282051282]
[http://dbpedia.org/resource/Fernando_Torres, http://dbpedia.org/ontology/team, http://dbpedia.org/resource/Liverpool_F.C., 2007, 2011, 2011, 26, 0.3333333333333333]
[http://dbpedia.org/resource/Fernando_Torres, http://dbpedia.org/ontology/team, http://dbpedia.org/resource/Liverpool_F.C., 2007, 2011, 2010, 13, 0.16666666666666666]
[http://dbpedia.org/resource/Fernando_Torres, http://dbpedia.org/ontology/team, http://dbpedia.org/resource/Liverpool_F.C., 2007, 2011, 1984, 1, 0.01282051282051282]
[http://dbpedia.org/resource/Fernando_Torres, http://dbpedia.org/ontology/team, http://dbpedia.org/resource/Liverpool_F.C., 2007, 2011, 2001, 1, 0.01282051282051282]
[http://dbpedia.org/resource/Fernando_Torres, http://dbpedia.org/ontology/team, http://dbpedia.org/resource/Liverpool_F.C., 2007, 2011, 2007, 10, 0.1282051282051282]
[http://dbpedia.org/resource/Fernando_Torres, http://dbpedia.org/ontology/team, http://dbpedia.org/resource/Liverpool_F.C., 2007, 2011, 2009, 4, 0.05128205128205128]
[http://dbpedia.org/resource/Fernando_Torres, http://dbpedia.org/ontology/team, http://dbpedia.org/resource/Liverpool_F.C., 2007, 2011, 2008, 3, 0.038461538461538464]
[http://dbpedia.org/resource/Fernando_Torres, http://dbpedia.org/ontology/team, http://dbpedia.org/resource/Chelsea_F.C., 2011, null, 1984, 1, 0.009259259259259259]
[http://dbpedia.org/resource/Fernando_Torres, http://dbpedia.org/ontology/team, http://dbpedia.org/resource/Chelsea_F.C., 2011, null, 2011, 16, 0.14814814814814814]
[http://dbpedia.org/resource/Fernando_Torres, http://dbpedia.org/ontology/team, http://dbpedia.org/resource/Chelsea_F.C., 2011, null, 2008, 1, 0.009259259259259259]
[http://dbpedia.org/resource/Fernando_Torres, http://dbpedia.org/ontology/team, http://dbpedia.org/resource/Chelsea_F.C., 2011, null, 2016, 3, 0.027777777777777776]
[http://dbpedia.org/resource/Fernando_Torres, http://dbpedia.org/ontology/team, http://dbpedia.org/resource/Chelsea_F.C., 2011, null, 2013, 59, 0.5462962962962963]
[http://dbpedia.org/resource/Fernando_Torres, http://dbpedia.org/ontology/team, http://dbpedia.org/resource/Chelsea_F.C., 2011, null, 2007, 3, 0.027777777777777776]
[http://dbpedia.org/resource/Fernando_Torres, http://dbpedia.org/ontology/team, http://dbpedia.org/resource/Chelsea_F.C., 2011, null, 2010, 2, 0.018518518518518517]
[http://dbpedia.org/resource/Fernando_Torres, http://dbpedia.org/ontology/team, http://dbpedia.org/resource/Chelsea_F.C., 2011, null, 2001, 1, 0.009259259259259259]
[http://dbpedia.org/resource/Fernando_Torres, http://dbpedia.org/ontology/team, http://dbpedia.org/resource/Chelsea_F.C., 2011, null, 2009, 2, 0.018518518518518517]
[http://dbpedia.org/resource/Fernando_Torres, http://dbpedia.org/ontology/team, http://dbpedia.org/resource/Chelsea_F.C., 2011, null, 2012, 19, 0.17592592592592593]
[http://dbpedia.org/resource/Fernando_Torres, http://dbpedia.org/ontology/team, http://dbpedia.org/resource/Chelsea_F.C., 2011, null, 2014, 1, 0.009259259259259259]
[http://dbpedia.org/resource/Yoann_Gourcuff, http://dbpedia.org/ontology/team, http://dbpedia.org/resource/A.C._Milan, 2006, 2009, 2007, 1, 0.0625]
[http://dbpedia.org/resource/Yoann_Gourcuff, http://dbpedia.org/ontology/team, http://dbpedia.org/resource/A.C._Milan, 2006, 2009, 1876, 1, 0.0625]
[http://dbpedia.org/resource/Yoann_Gourcuff, http://dbpedia.org/ontology/team, http://dbpedia.org/resource/A.C._Milan, 2006, 2009, 2008, 3, 0.1875]
[http://dbpedia.org/resource/Yoann_Gourcuff, http://dbpedia.org/ontology/team, http://dbpedia.org/resource/A.C._Milan, 2006, 2009, 2010, 1, 0.0625]
[http://dbpedia.org/resource/Yoann_Gourcuff, http://dbpedia.org/ontology/team, http://dbpedia.org/resource/A.C._Milan, 2006, 2009, 2009, 8, 0.5]
[http://dbpedia.org/resource/Yoann_Gourcuff, http://dbpedia.org/ontology/team, http://dbpedia.org/resource/A.C._Milan, 2006, 2009, 2006, 2, 0.125]
[http://dbpedia.org/resource/Yoann_Gourcuff, http://dbpedia.org/ontology/team, http://dbpedia.org/resource/Olympique_Lyonnais, 2010, null, 2010, 4, 0.07272727272727272]
[http://dbpedia.org/resource/Yoann_Gourcuff, http://dbpedia.org/ontology/team, http://dbpedia.org/resource/Olympique_Lyonnais, 2010, null, 2013, 31, 0.5636363636363636]
[http://dbpedia.org/resource/Yoann_Gourcuff, http://dbpedia.org/ontology/team, http://dbpedia.org/resource/Olympique_Lyonnais, 2010, null, 2012, 8, 0.14545454545454545]
[http://dbpedia.org/resource/Yoann_Gourcuff, http://dbpedia.org/ontology/team, http://dbpedia.org/resource/Olympique_Lyonnais, 2010, null, 1986, 6, 0.10909090909090909]
[http://dbpedia.org/resource/Yoann_Gourcuff, http://dbpedia.org/ontology/team, http://dbpedia.org/resource/Olympique_Lyonnais, 2010, null, 2008, 2, 0.03636363636363636]
[http://dbpedia.org/resource/Yoann_Gourcuff, http://dbpedia.org/ontology/team, http://dbpedia.org/resource/Olympique_Lyonnais, 2010, null, 2011, 1, 0.01818181818181818]
[http://dbpedia.org/resource/Yoann_Gourcuff, http://dbpedia.org/ontology/team, http://dbpedia.org/resource/Olympique_Lyonnais, 2010, null, 2009, 2, 0.03636363636363636]
[http://dbpedia.org/resource/Yoann_Gourcuff, http://dbpedia.org/ontology/team, http://dbpedia.org/resource/Olympique_Lyonnais, 2010, null, 2006, 1, 0.01818181818181818]
[http://dbpedia.org/resource/Yoann_Gourcuff, http://dbpedia.org/ontology/team, http://dbpedia.org/resource/FC_Lorient, 1992, 2001, 2013, 1, 0.125]
[http://dbpedia.org/resource/Yoann_Gourcuff, http://dbpedia.org/ontology/team, http://dbpedia.org/resource/FC_Lorient, 1992, 2001, 2009, 3, 0.375]
[http://dbpedia.org/resource/Yoann_Gourcuff, http://dbpedia.org/ontology/team, http://dbpedia.org/resource/FC_Lorient, 1992, 2001, 2001, 1, 0.125]
[http://dbpedia.org/resource/Yoann_Gourcuff, http://dbpedia.org/ontology/team, http://dbpedia.org/resource/FC_Lorient, 1992, 2001, 2012, 1, 0.125]
[http://dbpedia.org/resource/Yoann_Gourcuff, http://dbpedia.org/ontology/team, http://dbpedia.org/resource/FC_Lorient, 1992, 2001, 2011, 1, 0.125]
[http://dbpedia.org/resource/Yoann_Gourcuff, http://dbpedia.org/ontology/team, http://dbpedia.org/resource/FC_Lorient, 1992, 2001, 2006, 1, 0.125]
[http://dbpedia.org/resource/Yoann_Gourcuff, http://dbpedia.org/ontology/team, http://dbpedia.org/resource/FC_Girondins_de_Bordeaux, 2009, 2010, 2006, 2, 0.13333333333333333]
[http://dbpedia.org/resource/Yoann_Gourcuff, http://dbpedia.org/ontology/team, http://dbpedia.org/resource/FC_Girondins_de_Bordeaux, 2009, 2010, 2010, 3, 0.2]
[http://dbpedia.org/resource/Yoann_Gourcuff, http://dbpedia.org/ontology/team, http://dbpedia.org/resource/FC_Girondins_de_Bordeaux, 2009, 2010, 2008, 2, 0.13333333333333333]
[http://dbpedia.org/resource/Yoann_Gourcuff, http://dbpedia.org/ontology/team, http://dbpedia.org/resource/FC_Girondins_de_Bordeaux, 2009, 2010, 2012, 2, 0.13333333333333333]
[http://dbpedia.org/resource/Yoann_Gourcuff, http://dbpedia.org/ontology/team, http://dbpedia.org/resource/FC_Girondins_de_Bordeaux, 2009, 2010, 2003, 1, 0.06666666666666667]
[http://dbpedia.org/resource/Yoann_Gourcuff, http://dbpedia.org/ontology/team, http://dbpedia.org/resource/FC_Girondins_de_Bordeaux, 2009, 2010, 2009, 3, 0.2]
[http://dbpedia.org/resource/Yoann_Gourcuff, http://dbpedia.org/ontology/team, http://dbpedia.org/resource/FC_Girondins_de_Bordeaux, 2009, 2010, 2013, 2, 0.13333333333333333]
[http://dbpedia.org/resource/Abou_Diaby, http://dbpedia.org/ontology/team, http://dbpedia.org/resource/Paris_Saint-Germain_F.C., 2001, 2002, 2003, 1, 1.0]
[http://dbpedia.org/resource/Abou_Diaby, http://dbpedia.org/ontology/team, http://dbpedia.org/resource/AJ_Auxerre, 2004, 2006, 2012, 1, 0.06666666666666667]
[http://dbpedia.org/resource/Abou_Diaby, http://dbpedia.org/ontology/team, http://dbpedia.org/resource/AJ_Auxerre, 2004, 2006, 2002, 2, 0.13333333333333333]
[http://dbpedia.org/resource/Abou_Diaby, http://dbpedia.org/ontology/team, http://dbpedia.org/resource/AJ_Auxerre, 2004, 2006, 2000, 2, 0.13333333333333333]
[http://dbpedia.org/resource/Abou_Diaby, http://dbpedia.org/ontology/team, http://dbpedia.org/resource/AJ_Auxerre, 2004, 2006, 2009, 1, 0.06666666666666667]
[http://dbpedia.org/resource/Abou_Diaby, http://dbpedia.org/ontology/team, http://dbpedia.org/resource/AJ_Auxerre, 2004, 2006, 2010, 1, 0.06666666666666667]
[http://dbpedia.org/resource/Abou_Diaby, http://dbpedia.org/ontology/team, http://dbpedia.org/resource/AJ_Auxerre, 2004, 2006, 2003, 3, 0.2]
[http://dbpedia.org/resource/Abou_Diaby, http://dbpedia.org/ontology/team, http://dbpedia.org/resource/AJ_Auxerre, 2004, 2006, 2006, 5, 0.3333333333333333]
[http://dbpedia.org/resource/Richard_Brodie_(footballer), http://dbpedia.org/ontology/team, http://dbpedia.org/resource/Crawley_Town_F.C., 2010, null, 1987, 1, 0.07142857142857142]
[http://dbpedia.org/resource/Richard_Brodie_(footballer), http://dbpedia.org/ontology/team, http://dbpedia.org/resource/Crawley_Town_F.C., 2010, null, 2014, 1, 0.07142857142857142]
[http://dbpedia.org/resource/Richard_Brodie_(footballer), http://dbpedia.org/ontology/team, http://dbpedia.org/resource/Crawley_Town_F.C., 2010, null, 2010, 1, 0.07142857142857142]
[http://dbpedia.org/resource/Richard_Brodie_(footballer), http://dbpedia.org/ontology/team, http://dbpedia.org/resource/Crawley_Town_F.C., 2010, null, 2013, 6, 0.42857142857142855]
[http://dbpedia.org/resource/Richard_Brodie_(footballer), http://dbpedia.org/ontology/team, http://dbpedia.org/resource/Crawley_Town_F.C., 2010, null, 2011, 1, 0.07142857142857142]
[http://dbpedia.org/resource/Richard_Brodie_(footballer), http://dbpedia.org/ontology/team, http://dbpedia.org/resource/Crawley_Town_F.C., 2010, null, 2012, 4, 0.2857142857142857]
[http://dbpedia.org/resource/Richard_Brodie_(footballer), http://dbpedia.org/ontology/team, http://dbpedia.org/resource/Fleetwood_Town_F.C., 2011, 2012, 2012, 2, 1.0]
[http://dbpedia.org/resource/Richard_Brodie_(footballer), http://dbpedia.org/ontology/team, http://dbpedia.org/resource/York_City_F.C., 2007, 2010, 2009, 3, 0.23076923076923078]
[http://dbpedia.org/resource/Richard_Brodie_(footballer), http://dbpedia.org/ontology/team, http://dbpedia.org/resource/York_City_F.C., 2007, 2010, 2010, 3, 0.23076923076923078]
[http://dbpedia.org/resource/Richard_Brodie_(footballer), http://dbpedia.org/ontology/team, http://dbpedia.org/resource/York_City_F.C., 2007, 2010, 2013, 1, 0.07692307692307693]
[http://dbpedia.org/resource/Richard_Brodie_(footballer), http://dbpedia.org/ontology/team, http://dbpedia.org/resource/York_City_F.C., 2007, 2010, 2004, 1, 0.07692307692307693]
[http://dbpedia.org/resource/Richard_Brodie_(footballer), http://dbpedia.org/ontology/team, http://dbpedia.org/resource/York_City_F.C., 2007, 2010, 2012, 1, 0.07692307692307693]
[http://dbpedia.org/resource/Richard_Brodie_(footballer), http://dbpedia.org/ontology/team, http://dbpedia.org/resource/York_City_F.C., 2007, 2010, 1998, 1, 0.07692307692307693]
[http://dbpedia.org/resource/Richard_Brodie_(footballer), http://dbpedia.org/ontology/team, http://dbpedia.org/resource/York_City_F.C., 2007, 2010, 2008, 3, 0.23076923076923078]
[http://dbpedia.org/resource/Richard_Brodie_(footballer), http://dbpedia.org/ontology/team, http://dbpedia.org/resource/Barrow_A.F.C., 2008, null, 2008, 3, 1.0]
[http://dbpedia.org/resource/Georgios_Samaras, http://dbpedia.org/ontology/team, http://dbpedia.org/resource/SC_Heerenveen, 2002, 2006, 2012, 1, 0.058823529411764705]
[http://dbpedia.org/resource/Georgios_Samaras, http://dbpedia.org/ontology/team, http://dbpedia.org/resource/SC_Heerenveen, 2002, 2006, 2008, 1, 0.058823529411764705]
[http://dbpedia.org/resource/Georgios_Samaras, http://dbpedia.org/ontology/team, http://dbpedia.org/resource/SC_Heerenveen, 2002, 2006, 2013, 1, 0.058823529411764705]
[http://dbpedia.org/resource/Georgios_Samaras, http://dbpedia.org/ontology/team, http://dbpedia.org/resource/SC_Heerenveen, 2002, 2006, 2006, 2, 0.11764705882352941]
[http://dbpedia.org/resource/Georgios_Samaras, http://dbpedia.org/ontology/team, http://dbpedia.org/resource/SC_Heerenveen, 2002, 2006, 2005, 1, 0.058823529411764705]
[http://dbpedia.org/resource/Georgios_Samaras, http://dbpedia.org/ontology/team, http://dbpedia.org/resource/SC_Heerenveen, 2002, 2006, 2011, 1, 0.058823529411764705]
[http://dbpedia.org/resource/Georgios_Samaras, http://dbpedia.org/ontology/team, http://dbpedia.org/resource/SC_Heerenveen, 2002, 2006, 2003, 1, 0.058823529411764705]
[http://dbpedia.org/resource/Georgios_Samaras, http://dbpedia.org/ontology/team, http://dbpedia.org/resource/SC_Heerenveen, 2002, 2006, 2010, 9, 0.5294117647058824]
[http://dbpedia.org/resource/Georgios_Samaras, http://dbpedia.org/ontology/team, http://dbpedia.org/resource/Greece_national_football_team, 2006, null, 2006, 2, 1.0]
[http://dbpedia.org/resource/Georgios_Samaras, http://dbpedia.org/ontology/team, http://dbpedia.org/resource/Manchester_City_F.C., 2006, 2008, 2006, 3, 0.3333333333333333]
[http://dbpedia.org/resource/Georgios_Samaras, http://dbpedia.org/ontology/team, http://dbpedia.org/resource/Manchester_City_F.C., 2006, 2008, 2012, 1, 0.1111111111111111]
[http://dbpedia.org/resource/Georgios_Samaras, http://dbpedia.org/ontology/team, http://dbpedia.org/resource/Manchester_City_F.C., 2006, 2008, 1985, 2, 0.2222222222222222]
[http://dbpedia.org/resource/Georgios_Samaras, http://dbpedia.org/ontology/team, http://dbpedia.org/resource/Manchester_City_F.C., 2006, 2008, 2008, 3, 0.3333333333333333]
[http://dbpedia.org/resource/Georgios_Samaras, http://dbpedia.org/ontology/team, http://dbpedia.org/resource/Celtic_F.C., 2008, null, 2012, 26, 0.24528301886792453]
[http://dbpedia.org/resource/Georgios_Samaras, http://dbpedia.org/ontology/team, http://dbpedia.org/resource/Celtic_F.C., 2008, null, 2011, 31, 0.29245283018867924]
[http://dbpedia.org/resource/Georgios_Samaras, http://dbpedia.org/ontology/team, http://dbpedia.org/resource/Celtic_F.C., 2008, null, 1985, 8, 0.07547169811320754]
[http://dbpedia.org/resource/Georgios_Samaras, http://dbpedia.org/ontology/team, http://dbpedia.org/resource/Celtic_F.C., 2008, null, 2005, 1, 0.009433962264150943]
[http://dbpedia.org/resource/Georgios_Samaras, http://dbpedia.org/ontology/team, http://dbpedia.org/resource/Celtic_F.C., 2008, null, 2006, 2, 0.018867924528301886]
[http://dbpedia.org/resource/Georgios_Samaras, http://dbpedia.org/ontology/team, http://dbpedia.org/resource/Celtic_F.C., 2008, null, 2013, 16, 0.1509433962264151]
[http://dbpedia.org/resource/Georgios_Samaras, http://dbpedia.org/ontology/team, http://dbpedia.org/resource/Celtic_F.C., 2008, null, 2010, 4, 0.03773584905660377]
[http://dbpedia.org/resource/Georgios_Samaras, http://dbpedia.org/ontology/team, http://dbpedia.org/resource/Celtic_F.C., 2008, null, 2009, 4, 0.03773584905660377]
[http://dbpedia.org/resource/Georgios_Samaras, http://dbpedia.org/ontology/team, http://dbpedia.org/resource/Celtic_F.C., 2008, null, 2008, 14, 0.1320754716981132]
[http://dbpedia.org/resource/Theo_Walcott, http://dbpedia.org/ontology/team, http://dbpedia.org/resource/A.F.C._Newbury, 1999, 2000, 2013, 1, 0.3333333333333333]
[http://dbpedia.org/resource/Theo_Walcott, http://dbpedia.org/ontology/team, http://dbpedia.org/resource/A.F.C._Newbury, 1999, 2000, 1989, 2, 0.6666666666666666]
[http://dbpedia.org/resource/Theo_Walcott, http://dbpedia.org/ontology/team, http://dbpedia.org/resource/Southampton_F.C., 2004, 2006, 1901, 2, 0.08]
[http://dbpedia.org/resource/Theo_Walcott, http://dbpedia.org/ontology/team, http://dbpedia.org/resource/Southampton_F.C., 2004, 2006, 2006, 3, 0.12]
[http://dbpedia.org/resource/Theo_Walcott, http://dbpedia.org/ontology/team, http://dbpedia.org/resource/Southampton_F.C., 2004, 2006, 2005, 2, 0.08]
[http://dbpedia.org/resource/Theo_Walcott, http://dbpedia.org/ontology/team, http://dbpedia.org/resource/Southampton_F.C., 2004, 2006, 2007, 2, 0.08]
[http://dbpedia.org/resource/Theo_Walcott, http://dbpedia.org/ontology/team, http://dbpedia.org/resource/Southampton_F.C., 2004, 2006, 2013, 9, 0.36]
[http://dbpedia.org/resource/Theo_Walcott, http://dbpedia.org/ontology/team, http://dbpedia.org/resource/Southampton_F.C., 2004, 2006, 2012, 3, 0.12]
[http://dbpedia.org/resource/Theo_Walcott, http://dbpedia.org/ontology/team, http://dbpedia.org/resource/Southampton_F.C., 2004, 2006, 2008, 2, 0.08]
[http://dbpedia.org/resource/Theo_Walcott, http://dbpedia.org/ontology/team, http://dbpedia.org/resource/Southampton_F.C., 2004, 2006, 2010, 2, 0.08]
[http://dbpedia.org/resource/Hatem_Ben_Arfa, http://dbpedia.org/ontology/team, http://dbpedia.org/resource/Newcastle_United_F.C., 2011, 2011, 2008, 6, 0.03773584905660377]
[http://dbpedia.org/resource/Hatem_Ben_Arfa, http://dbpedia.org/ontology/team, http://dbpedia.org/resource/Newcastle_United_F.C., 2011, 2011, 1987, 4, 0.025157232704402517]
[http://dbpedia.org/resource/Hatem_Ben_Arfa, http://dbpedia.org/ontology/team, http://dbpedia.org/resource/Newcastle_United_F.C., 2011, 2011, 2012, 13, 0.08176100628930817]
[http://dbpedia.org/resource/Hatem_Ben_Arfa, http://dbpedia.org/ontology/team, http://dbpedia.org/resource/Newcastle_United_F.C., 2011, 2011, 2015, 2, 0.012578616352201259]
[http://dbpedia.org/resource/Hatem_Ben_Arfa, http://dbpedia.org/ontology/team, http://dbpedia.org/resource/Newcastle_United_F.C., 2011, 2011, 2011, 8, 0.050314465408805034]
[http://dbpedia.org/resource/Hatem_Ben_Arfa, http://dbpedia.org/ontology/team, http://dbpedia.org/resource/Newcastle_United_F.C., 2011, 2011, 2004, 1, 0.006289308176100629]
[http://dbpedia.org/resource/Hatem_Ben_Arfa, http://dbpedia.org/ontology/team, http://dbpedia.org/resource/Newcastle_United_F.C., 2011, 2011, 2013, 113, 0.710691823899371]
[http://dbpedia.org/resource/Hatem_Ben_Arfa, http://dbpedia.org/ontology/team, http://dbpedia.org/resource/Newcastle_United_F.C., 2011, 2011, 2014, 1, 0.006289308176100629]
[http://dbpedia.org/resource/Hatem_Ben_Arfa, http://dbpedia.org/ontology/team, http://dbpedia.org/resource/Newcastle_United_F.C., 2011, 2011, 2010, 11, 0.06918238993710692]
[http://dbpedia.org/resource/Hatem_Ben_Arfa, http://dbpedia.org/ontology/team, http://dbpedia.org/resource/Olympique_Lyonnais, 2004, 2008, 2013, 1, 0.14285714285714285]
[http://dbpedia.org/resource/Hatem_Ben_Arfa, http://dbpedia.org/ontology/team, http://dbpedia.org/resource/Olympique_Lyonnais, 2004, 2008, 1987, 1, 0.14285714285714285]
[http://dbpedia.org/resource/Hatem_Ben_Arfa, http://dbpedia.org/ontology/team, http://dbpedia.org/resource/Olympique_Lyonnais, 2004, 2008, 2008, 4, 0.5714285714285714]
[http://dbpedia.org/resource/Hatem_Ben_Arfa, http://dbpedia.org/ontology/team, http://dbpedia.org/resource/Olympique_Lyonnais, 2004, 2008, 2005, 1, 0.14285714285714285]
[http://dbpedia.org/resource/Hatem_Ben_Arfa, http://dbpedia.org/ontology/team, http://dbpedia.org/resource/Olympique_de_Marseille, 2008, 2011, 2010, 12, 0.41379310344827586]
[http://dbpedia.org/resource/Hatem_Ben_Arfa, http://dbpedia.org/ontology/team, http://dbpedia.org/resource/Olympique_de_Marseille, 2008, 2011, 2008, 5, 0.1724137931034483]
[http://dbpedia.org/resource/Hatem_Ben_Arfa, http://dbpedia.org/ontology/team, http://dbpedia.org/resource/Olympique_de_Marseille, 2008, 2011, 2004, 1, 0.034482758620689655]
[http://dbpedia.org/resource/Hatem_Ben_Arfa, http://dbpedia.org/ontology/team, http://dbpedia.org/resource/Olympique_de_Marseille, 2008, 2011, 2015, 1, 0.034482758620689655]
[http://dbpedia.org/resource/Hatem_Ben_Arfa, http://dbpedia.org/ontology/team, http://dbpedia.org/resource/Olympique_de_Marseille, 2008, 2011, 2009, 5, 0.1724137931034483]
[http://dbpedia.org/resource/Hatem_Ben_Arfa, http://dbpedia.org/ontology/team, http://dbpedia.org/resource/Olympique_de_Marseille, 2008, 2011, 2013, 1, 0.034482758620689655]
[http://dbpedia.org/resource/Hatem_Ben_Arfa, http://dbpedia.org/ontology/team, http://dbpedia.org/resource/Olympique_de_Marseille, 2008, 2011, 2011, 2, 0.06896551724137931]
[http://dbpedia.org/resource/Hatem_Ben_Arfa, http://dbpedia.org/ontology/team, http://dbpedia.org/resource/Olympique_de_Marseille, 2008, 2011, 1987, 2, 0.06896551724137931]
[http://dbpedia.org/resource/Clint_Dempsey, http://dbpedia.org/ontology/team, http://dbpedia.org/resource/Furman_University, 2001, 2003, 2004, 3, 0.08333333333333333]
[http://dbpedia.org/resource/Clint_Dempsey, http://dbpedia.org/ontology/team, http://dbpedia.org/resource/Furman_University, 2001, 2003, 2006, 2, 0.05555555555555555]
[http://dbpedia.org/resource/Clint_Dempsey, http://dbpedia.org/ontology/team, http://dbpedia.org/resource/Furman_University, 2001, 2003, 2002, 1, 0.027777777777777776]
[http://dbpedia.org/resource/Clint_Dempsey, http://dbpedia.org/ontology/team, http://dbpedia.org/resource/Furman_University, 2001, 2003, 2003, 2, 0.05555555555555555]
[http://dbpedia.org/resource/Clint_Dempsey, http://dbpedia.org/ontology/team, http://dbpedia.org/resource/Furman_University, 2001, 2003, 2076, 2, 0.05555555555555555]
[http://dbpedia.org/resource/Clint_Dempsey, http://dbpedia.org/ontology/team, http://dbpedia.org/resource/Furman_University, 2001, 2003, 2011, 2, 0.05555555555555555]
[http://dbpedia.org/resource/Clint_Dempsey, http://dbpedia.org/ontology/team, http://dbpedia.org/resource/Furman_University, 2001, 2003, 2007, 1, 0.027777777777777776]
[http://dbpedia.org/resource/Clint_Dempsey, http://dbpedia.org/ontology/team, http://dbpedia.org/resource/Furman_University, 2001, 2003, 2012, 20, 0.5555555555555556]
[http://dbpedia.org/resource/Clint_Dempsey, http://dbpedia.org/ontology/team, http://dbpedia.org/resource/Furman_University, 2001, 2003, 2010, 1, 0.027777777777777776]
[http://dbpedia.org/resource/Clint_Dempsey, http://dbpedia.org/ontology/team, http://dbpedia.org/resource/Furman_University, 2001, 2003, 2000, 2, 0.05555555555555555]
[http://dbpedia.org/resource/Clint_Dempsey, http://dbpedia.org/ontology/team, http://dbpedia.org/resource/Fulham_F.C., 2007, null, 2007, 6, 0.11764705882352941]
[http://dbpedia.org/resource/Clint_Dempsey, http://dbpedia.org/ontology/team, http://dbpedia.org/resource/Fulham_F.C., 2007, null, 2002, 2, 0.0392156862745098]
[http://dbpedia.org/resource/Clint_Dempsey, http://dbpedia.org/ontology/team, http://dbpedia.org/resource/Fulham_F.C., 2007, null, 2013, 1, 0.0196078431372549]
[http://dbpedia.org/resource/Clint_Dempsey, http://dbpedia.org/ontology/team, http://dbpedia.org/resource/Fulham_F.C., 2007, null, 2003, 1, 0.0196078431372549]
[http://dbpedia.org/resource/Clint_Dempsey, http://dbpedia.org/ontology/team, http://dbpedia.org/resource/Fulham_F.C., 2007, null, 2010, 3, 0.058823529411764705]
[http://dbpedia.org/resource/Clint_Dempsey, http://dbpedia.org/ontology/team, http://dbpedia.org/resource/Fulham_F.C., 2007, null, 2012, 34, 0.6666666666666666]
[http://dbpedia.org/resource/Clint_Dempsey, http://dbpedia.org/ontology/team, http://dbpedia.org/resource/Fulham_F.C., 2007, null, 2004, 1, 0.0196078431372549]
[http://dbpedia.org/resource/Clint_Dempsey, http://dbpedia.org/ontology/team, http://dbpedia.org/resource/Fulham_F.C., 2007, null, 2011, 3, 0.058823529411764705]
[http://dbpedia.org/resource/Clint_Dempsey, http://dbpedia.org/ontology/team, http://dbpedia.org/resource/United_States_men's_national_soccer_team, 2004, null, 2014, 1, 0.03571428571428571]
[http://dbpedia.org/resource/Clint_Dempsey, http://dbpedia.org/ontology/team, http://dbpedia.org/resource/United_States_men's_national_soccer_team, 2004, null, 2006, 1, 0.03571428571428571]
[http://dbpedia.org/resource/Clint_Dempsey, http://dbpedia.org/ontology/team, http://dbpedia.org/resource/United_States_men's_national_soccer_team, 2004, null, 2011, 7, 0.25]
[http://dbpedia.org/resource/Clint_Dempsey, http://dbpedia.org/ontology/team, http://dbpedia.org/resource/United_States_men's_national_soccer_team, 2004, null, 2013, 5, 0.17857142857142858]
[http://dbpedia.org/resource/Clint_Dempsey, http://dbpedia.org/ontology/team, http://dbpedia.org/resource/United_States_men's_national_soccer_team, 2004, null, 2012, 14, 0.5]
[http://dbpedia.org/resource/Nani, http://dbpedia.org/ontology/team, http://dbpedia.org/resource/Manchester_United_F.C., 2007, null, 2011, 20, 0.1694915254237288]
[http://dbpedia.org/resource/Nani, http://dbpedia.org/ontology/team, http://dbpedia.org/resource/Manchester_United_F.C., 2007, null, 2014, 3, 0.025423728813559324]
[http://dbpedia.org/resource/Nani, http://dbpedia.org/ontology/team, http://dbpedia.org/resource/Manchester_United_F.C., 2007, null, 2010, 6, 0.05084745762711865]
[http://dbpedia.org/resource/Nani, http://dbpedia.org/ontology/team, http://dbpedia.org/resource/Manchester_United_F.C., 2007, null, 2013, 31, 0.2627118644067797]
[http://dbpedia.org/resource/Nani, http://dbpedia.org/ontology/team, http://dbpedia.org/resource/Manchester_United_F.C., 2007, null, 1986, 4, 0.03389830508474576]
[http://dbpedia.org/resource/Nani, http://dbpedia.org/ontology/team, http://dbpedia.org/resource/Manchester_United_F.C., 2007, null, 2006, 3, 0.025423728813559324]
[http://dbpedia.org/resource/Nani, http://dbpedia.org/ontology/team, http://dbpedia.org/resource/Manchester_United_F.C., 2007, null, 2007, 24, 0.2033898305084746]
[http://dbpedia.org/resource/Nani, http://dbpedia.org/ontology/team, http://dbpedia.org/resource/Manchester_United_F.C., 2007, null, 2012, 16, 0.13559322033898305]
[http://dbpedia.org/resource/Nani, http://dbpedia.org/ontology/team, http://dbpedia.org/resource/Manchester_United_F.C., 2007, null, 2005, 3, 0.025423728813559324]
[http://dbpedia.org/resource/Nani, http://dbpedia.org/ontology/team, http://dbpedia.org/resource/Manchester_United_F.C., 2007, null, 2009, 1, 0.00847457627118644]
[http://dbpedia.org/resource/Nani, http://dbpedia.org/ontology/team, http://dbpedia.org/resource/Manchester_United_F.C., 2007, null, 2008, 7, 0.059322033898305086]
[http://dbpedia.org/resource/Nani, http://dbpedia.org/ontology/team, http://dbpedia.org/resource/Real_Sport_Clube, 2000, 2003, 2005, 4, 1.0]
[http://dbpedia.org/resource/Nani, http://dbpedia.org/ontology/team, http://dbpedia.org/resource/Sporting_Clube_de_Portugal, 2003, 2007, 2014, 1, 0.01694915254237288]
[http://dbpedia.org/resource/Nani, http://dbpedia.org/ontology/team, http://dbpedia.org/resource/Sporting_Clube_de_Portugal, 2003, 2007, 2007, 30, 0.5084745762711864]
[http://dbpedia.org/resource/Nani, http://dbpedia.org/ontology/team, http://dbpedia.org/resource/Sporting_Clube_de_Portugal, 2003, 2007, 2004, 2, 0.03389830508474576]
[http://dbpedia.org/resource/Nani, http://dbpedia.org/ontology/team, http://dbpedia.org/resource/Sporting_Clube_de_Portugal, 2003, 2007, 2013, 1, 0.01694915254237288]
[http://dbpedia.org/resource/Nani, http://dbpedia.org/ontology/team, http://dbpedia.org/resource/Sporting_Clube_de_Portugal, 2003, 2007, 2008, 2, 0.03389830508474576]
[http://dbpedia.org/resource/Nani, http://dbpedia.org/ontology/team, http://dbpedia.org/resource/Sporting_Clube_de_Portugal, 2003, 2007, 2011, 8, 0.13559322033898305]
[http://dbpedia.org/resource/Nani, http://dbpedia.org/ontology/team, http://dbpedia.org/resource/Sporting_Clube_de_Portugal, 2003, 2007, 2006, 7, 0.11864406779661017]
[http://dbpedia.org/resource/Nani, http://dbpedia.org/ontology/team, http://dbpedia.org/resource/Sporting_Clube_de_Portugal, 2003, 2007, 2005, 8, 0.13559322033898305]
[http://dbpedia.org/resource/Nani, http://dbpedia.org/ontology/team, http://dbpedia.org/resource/Portugal_national_football_team, 2006, null, 1986, 4, 0.03773584905660377]
[http://dbpedia.org/resource/Nani, http://dbpedia.org/ontology/team, http://dbpedia.org/resource/Portugal_national_football_team, 2006, null, 2007, 20, 0.18867924528301888]
[http://dbpedia.org/resource/Nani, http://dbpedia.org/ontology/team, http://dbpedia.org/resource/Portugal_national_football_team, 2006, null, 2003, 2, 0.018867924528301886]
[http://dbpedia.org/resource/Nani, http://dbpedia.org/ontology/team, http://dbpedia.org/resource/Portugal_national_football_team, 2006, null, 2008, 8, 0.07547169811320754]
[http://dbpedia.org/resource/Nani, http://dbpedia.org/ontology/team, http://dbpedia.org/resource/Portugal_national_football_team, 2006, null, 2009, 1, 0.009433962264150943]
[http://dbpedia.org/resource/Nani, http://dbpedia.org/ontology/team, http://dbpedia.org/resource/Portugal_national_football_team, 2006, null, 2006, 9, 0.08490566037735849]
[http://dbpedia.org/resource/Nani, http://dbpedia.org/ontology/team, http://dbpedia.org/resource/Portugal_national_football_team, 2006, null, 2010, 25, 0.2358490566037736]
[http://dbpedia.org/resource/Nani, http://dbpedia.org/ontology/team, http://dbpedia.org/resource/Portugal_national_football_team, 2006, null, 2005, 3, 0.02830188679245283]
[http://dbpedia.org/resource/Nani, http://dbpedia.org/ontology/team, http://dbpedia.org/resource/Portugal_national_football_team, 2006, null, 2013, 9, 0.08490566037735849]
[http://dbpedia.org/resource/Nani, http://dbpedia.org/ontology/team, http://dbpedia.org/resource/Portugal_national_football_team, 2006, null, 2012, 20, 0.18867924528301888]
[http://dbpedia.org/resource/Nani, http://dbpedia.org/ontology/team, http://dbpedia.org/resource/Portugal_national_football_team, 2006, null, 2011, 5, 0.04716981132075472]
[http://dbpedia.org/resource/Arjen_Robben, http://dbpedia.org/ontology/team, http://dbpedia.org/resource/PSV_Eindhoven, 2002, 2004, 1984, 1, 0.05555555555555555]
[http://dbpedia.org/resource/Arjen_Robben, http://dbpedia.org/ontology/team, http://dbpedia.org/resource/PSV_Eindhoven, 2002, 2004, 2007, 3, 0.16666666666666666]
[http://dbpedia.org/resource/Arjen_Robben, http://dbpedia.org/ontology/team, http://dbpedia.org/resource/PSV_Eindhoven, 2002, 2004, 2002, 3, 0.16666666666666666]
[http://dbpedia.org/resource/Arjen_Robben, http://dbpedia.org/ontology/team, http://dbpedia.org/resource/PSV_Eindhoven, 2002, 2004, 2004, 6, 0.3333333333333333]
[http://dbpedia.org/resource/Arjen_Robben, http://dbpedia.org/ontology/team, http://dbpedia.org/resource/PSV_Eindhoven, 2002, 2004, 2009, 3, 0.16666666666666666]
[http://dbpedia.org/resource/Arjen_Robben, http://dbpedia.org/ontology/team, http://dbpedia.org/resource/PSV_Eindhoven, 2002, 2004, 2000, 2, 0.1111111111111111]
[http://dbpedia.org/resource/Arjen_Robben, http://dbpedia.org/ontology/team, http://dbpedia.org/resource/Real_Madrid_C.F., 2007, 2009, 2012, 2, 0.07692307692307693]
[http://dbpedia.org/resource/Arjen_Robben, http://dbpedia.org/ontology/team, http://dbpedia.org/resource/Real_Madrid_C.F., 2007, 2009, 2002, 1, 0.038461538461538464]
[http://dbpedia.org/resource/Arjen_Robben, http://dbpedia.org/ontology/team, http://dbpedia.org/resource/Real_Madrid_C.F., 2007, 2009, 2009, 9, 0.34615384615384615]
[http://dbpedia.org/resource/Arjen_Robben, http://dbpedia.org/ontology/team, http://dbpedia.org/resource/Real_Madrid_C.F., 2007, 2009, 1984, 3, 0.11538461538461539]
[http://dbpedia.org/resource/Arjen_Robben, http://dbpedia.org/ontology/team, http://dbpedia.org/resource/Real_Madrid_C.F., 2007, 2009, 2013, 4, 0.15384615384615385]
[http://dbpedia.org/resource/Arjen_Robben, http://dbpedia.org/ontology/team, http://dbpedia.org/resource/Real_Madrid_C.F., 2007, 2009, 2007, 7, 0.2692307692307692]
[http://dbpedia.org/resource/Arjen_Robben, http://dbpedia.org/ontology/team, http://dbpedia.org/resource/Chelsea_F.C., 2004, 2007, 2007, 4, 0.08333333333333333]
[http://dbpedia.org/resource/Arjen_Robben, http://dbpedia.org/ontology/team, http://dbpedia.org/resource/Chelsea_F.C., 2004, 2007, 2002, 3, 0.0625]
[http://dbpedia.org/resource/Arjen_Robben, http://dbpedia.org/ontology/team, http://dbpedia.org/resource/Chelsea_F.C., 2004, 2007, 2012, 13, 0.2708333333333333]
[http://dbpedia.org/resource/Arjen_Robben, http://dbpedia.org/ontology/team, http://dbpedia.org/resource/Chelsea_F.C., 2004, 2007, 2011, 1, 0.020833333333333332]
[http://dbpedia.org/resource/Arjen_Robben, http://dbpedia.org/ontology/team, http://dbpedia.org/resource/Chelsea_F.C., 2004, 2007, 1967, 1, 0.020833333333333332]
[http://dbpedia.org/resource/Arjen_Robben, http://dbpedia.org/ontology/team, http://dbpedia.org/resource/Chelsea_F.C., 2004, 2007, 2009, 7, 0.14583333333333334]
[http://dbpedia.org/resource/Arjen_Robben, http://dbpedia.org/ontology/team, http://dbpedia.org/resource/Chelsea_F.C., 2004, 2007, 2004, 9, 0.1875]
[http://dbpedia.org/resource/Arjen_Robben, http://dbpedia.org/ontology/team, http://dbpedia.org/resource/Chelsea_F.C., 2004, 2007, 2013, 5, 0.10416666666666667]
[http://dbpedia.org/resource/Arjen_Robben, http://dbpedia.org/ontology/team, http://dbpedia.org/resource/Chelsea_F.C., 2004, 2007, 2005, 2, 0.041666666666666664]
[http://dbpedia.org/resource/Arjen_Robben, http://dbpedia.org/ontology/team, http://dbpedia.org/resource/Chelsea_F.C., 2004, 2007, 1984, 1, 0.020833333333333332]
[http://dbpedia.org/resource/Arjen_Robben, http://dbpedia.org/ontology/team, http://dbpedia.org/resource/Chelsea_F.C., 2004, 2007, 2000, 1, 0.020833333333333332]
[http://dbpedia.org/resource/Arjen_Robben, http://dbpedia.org/ontology/team, http://dbpedia.org/resource/Chelsea_F.C., 2004, 2007, 1968, 1, 0.020833333333333332]
[http://dbpedia.org/resource/Arjen_Robben, http://dbpedia.org/ontology/team, http://dbpedia.org/resource/FC_Groningen, 1996, 2000, 2013, 2, 0.16666666666666666]
[http://dbpedia.org/resource/Arjen_Robben, http://dbpedia.org/ontology/team, http://dbpedia.org/resource/FC_Groningen, 1996, 2000, 2004, 2, 0.16666666666666666]
[http://dbpedia.org/resource/Arjen_Robben, http://dbpedia.org/ontology/team, http://dbpedia.org/resource/FC_Groningen, 1996, 2000, 2000, 1, 0.08333333333333333]
[http://dbpedia.org/resource/Arjen_Robben, http://dbpedia.org/ontology/team, http://dbpedia.org/resource/FC_Groningen, 1996, 2000, 2002, 4, 0.3333333333333333]
[http://dbpedia.org/resource/Arjen_Robben, http://dbpedia.org/ontology/team, http://dbpedia.org/resource/FC_Groningen, 1996, 2000, 2007, 1, 0.08333333333333333]
[http://dbpedia.org/resource/Arjen_Robben, http://dbpedia.org/ontology/team, http://dbpedia.org/resource/FC_Groningen, 1996, 2000, 2009, 1, 0.08333333333333333]
[http://dbpedia.org/resource/Arjen_Robben, http://dbpedia.org/ontology/team, http://dbpedia.org/resource/FC_Groningen, 1996, 2000, 2001, 1, 0.08333333333333333]
[http://dbpedia.org/resource/Arjen_Robben, http://dbpedia.org/ontology/team, http://dbpedia.org/resource/Netherlands_national_football_team, 2003, null, 2010, 1, 0.5]
[http://dbpedia.org/resource/Arjen_Robben, http://dbpedia.org/ontology/team, http://dbpedia.org/resource/Netherlands_national_football_team, 2003, null, 2012, 1, 0.5]
[http://dbpedia.org/resource/Arjen_Robben, http://dbpedia.org/ontology/team, http://dbpedia.org/resource/FC_Bayern_Munich, 2009, null, 2015, 2, 0.020618556701030927]
[http://dbpedia.org/resource/Arjen_Robben, http://dbpedia.org/ontology/team, http://dbpedia.org/resource/FC_Bayern_Munich, 2009, null, 1755, 2, 0.020618556701030927]
[http://dbpedia.org/resource/Arjen_Robben, http://dbpedia.org/ontology/team, http://dbpedia.org/resource/FC_Bayern_Munich, 2009, null, 2013, 58, 0.5979381443298969]
[http://dbpedia.org/resource/Arjen_Robben, http://dbpedia.org/ontology/team, http://dbpedia.org/resource/FC_Bayern_Munich, 2009, null, 2010, 5, 0.05154639175257732]
[http://dbpedia.org/resource/Arjen_Robben, http://dbpedia.org/ontology/team, http://dbpedia.org/resource/FC_Bayern_Munich, 2009, null, 1984, 1, 0.010309278350515464]
[http://dbpedia.org/resource/Arjen_Robben, http://dbpedia.org/ontology/team, http://dbpedia.org/resource/FC_Bayern_Munich, 2009, null, 2012, 18, 0.18556701030927836]
[http://dbpedia.org/resource/Arjen_Robben, http://dbpedia.org/ontology/team, http://dbpedia.org/resource/FC_Bayern_Munich, 2009, null, 2011, 1, 0.010309278350515464]
[http://dbpedia.org/resource/Arjen_Robben, http://dbpedia.org/ontology/team, http://dbpedia.org/resource/FC_Bayern_Munich, 2009, null, 2009, 10, 0.10309278350515463]
[http://dbpedia.org/resource/Neymar, http://dbpedia.org/ontology/team, http://dbpedia.org/resource/Brazil_national_football_team, 2010, null, 2013, 45, 0.30201342281879195]
[http://dbpedia.org/resource/Neymar, http://dbpedia.org/ontology/team, http://dbpedia.org/resource/Brazil_national_football_team, 2010, null, 1992, 8, 0.053691275167785234]
[http://dbpedia.org/resource/Neymar, http://dbpedia.org/ontology/team, http://dbpedia.org/resource/Brazil_national_football_team, 2010, null, 2011, 21, 0.14093959731543623]
[http://dbpedia.org/resource/Neymar, http://dbpedia.org/ontology/team, http://dbpedia.org/resource/Brazil_national_football_team, 2010, null, 1998, 2, 0.013422818791946308]
[http://dbpedia.org/resource/Neymar, http://dbpedia.org/ontology/team, http://dbpedia.org/resource/Brazil_national_football_team, 2010, null, 2012, 28, 0.18791946308724833]
[http://dbpedia.org/resource/Neymar, http://dbpedia.org/ontology/team, http://dbpedia.org/resource/Brazil_national_football_team, 2010, null, 2008, 1, 0.006711409395973154]
[http://dbpedia.org/resource/Neymar, http://dbpedia.org/ontology/team, http://dbpedia.org/resource/Brazil_national_football_team, 2010, null, 2002, 2, 0.013422818791946308]
[http://dbpedia.org/resource/Neymar, http://dbpedia.org/ontology/team, http://dbpedia.org/resource/Brazil_national_football_team, 2010, null, 2009, 9, 0.06040268456375839]
[http://dbpedia.org/resource/Neymar, http://dbpedia.org/ontology/team, http://dbpedia.org/resource/Brazil_national_football_team, 2010, null, 2014, 14, 0.09395973154362416]
[http://dbpedia.org/resource/Neymar, http://dbpedia.org/ontology/team, http://dbpedia.org/resource/Brazil_national_football_team, 2010, null, 2010, 13, 0.087248322147651]
[http://dbpedia.org/resource/Neymar, http://dbpedia.org/ontology/team, http://dbpedia.org/resource/Brazil_national_football_team, 2010, null, 2003, 5, 0.03355704697986577]
[http://dbpedia.org/resource/Neymar, http://dbpedia.org/ontology/team, http://dbpedia.org/resource/Brazil_national_football_team, 2010, null, 1982, 1, 0.006711409395973154]
[http://dbpedia.org/resource/Rafael_van_der_Vaart, http://dbpedia.org/ontology/team, http://dbpedia.org/resource/Hamburger_SV, 2005, 2008, 2006, 1, 0.038461538461538464]
[http://dbpedia.org/resource/Rafael_van_der_Vaart, http://dbpedia.org/ontology/team, http://dbpedia.org/resource/Hamburger_SV, 2005, 2008, 1983, 3, 0.11538461538461539]
[http://dbpedia.org/resource/Rafael_van_der_Vaart, http://dbpedia.org/ontology/team, http://dbpedia.org/resource/Hamburger_SV, 2005, 2008, 2015, 3, 0.11538461538461539]
[http://dbpedia.org/resource/Rafael_van_der_Vaart, http://dbpedia.org/ontology/team, http://dbpedia.org/resource/Hamburger_SV, 2005, 2008, 2012, 7, 0.2692307692307692]
[http://dbpedia.org/resource/Rafael_van_der_Vaart, http://dbpedia.org/ontology/team, http://dbpedia.org/resource/Hamburger_SV, 2005, 2008, 2013, 5, 0.19230769230769232]
[http://dbpedia.org/resource/Rafael_van_der_Vaart, http://dbpedia.org/ontology/team, http://dbpedia.org/resource/Hamburger_SV, 2005, 2008, 2005, 3, 0.11538461538461539]
[http://dbpedia.org/resource/Rafael_van_der_Vaart, http://dbpedia.org/ontology/team, http://dbpedia.org/resource/Hamburger_SV, 2005, 2008, 2010, 3, 0.11538461538461539]
[http://dbpedia.org/resource/Rafael_van_der_Vaart, http://dbpedia.org/ontology/team, http://dbpedia.org/resource/Hamburger_SV, 2005, 2008, 2008, 1, 0.038461538461538464]
[http://dbpedia.org/resource/Rafael_van_der_Vaart, http://dbpedia.org/ontology/team, http://dbpedia.org/resource/Real_Madrid_C.F., 2008, 2010, 1755, 1, 0.043478260869565216]
[http://dbpedia.org/resource/Rafael_van_der_Vaart, http://dbpedia.org/ontology/team, http://dbpedia.org/resource/Real_Madrid_C.F., 2008, 2010, 2012, 1, 0.043478260869565216]
[http://dbpedia.org/resource/Rafael_van_der_Vaart, http://dbpedia.org/ontology/team, http://dbpedia.org/resource/Real_Madrid_C.F., 2008, 2010, 1983, 1, 0.043478260869565216]
[http://dbpedia.org/resource/Rafael_van_der_Vaart, http://dbpedia.org/ontology/team, http://dbpedia.org/resource/Real_Madrid_C.F., 2008, 2010, 2008, 7, 0.30434782608695654]
[http://dbpedia.org/resource/Rafael_van_der_Vaart, http://dbpedia.org/ontology/team, http://dbpedia.org/resource/Real_Madrid_C.F., 2008, 2010, 2010, 11, 0.4782608695652174]
[http://dbpedia.org/resource/Rafael_van_der_Vaart, http://dbpedia.org/ontology/team, http://dbpedia.org/resource/Real_Madrid_C.F., 2008, 2010, 2013, 2, 0.08695652173913043]
[http://dbpedia.org/resource/Rafael_van_der_Vaart, http://dbpedia.org/ontology/team, http://dbpedia.org/resource/Tottenham_Hotspur_F.C., 2010, null, 2011, 5, 0.11627906976744186]
[http://dbpedia.org/resource/Rafael_van_der_Vaart, http://dbpedia.org/ontology/team, http://dbpedia.org/resource/Tottenham_Hotspur_F.C., 2010, null, 2015, 2, 0.046511627906976744]
[http://dbpedia.org/resource/Rafael_van_der_Vaart, http://dbpedia.org/ontology/team, http://dbpedia.org/resource/Tottenham_Hotspur_F.C., 2010, null, 2008, 3, 0.06976744186046512]
[http://dbpedia.org/resource/Rafael_van_der_Vaart, http://dbpedia.org/ontology/team, http://dbpedia.org/resource/Tottenham_Hotspur_F.C., 2010, null, 2013, 4, 0.09302325581395349]
[http://dbpedia.org/resource/Rafael_van_der_Vaart, http://dbpedia.org/ontology/team, http://dbpedia.org/resource/Tottenham_Hotspur_F.C., 2010, null, 2005, 1, 0.023255813953488372]
[http://dbpedia.org/resource/Rafael_van_der_Vaart, http://dbpedia.org/ontology/team, http://dbpedia.org/resource/Tottenham_Hotspur_F.C., 2010, null, 2010, 21, 0.4883720930232558]
[http://dbpedia.org/resource/Rafael_van_der_Vaart, http://dbpedia.org/ontology/team, http://dbpedia.org/resource/Tottenham_Hotspur_F.C., 2010, null, 2012, 7, 0.16279069767441862]
[http://dbpedia.org/resource/Rafael_van_der_Vaart, http://dbpedia.org/ontology/team, http://dbpedia.org/resource/AFC_Ajax, 2000, 2000, 2012, 1, 0.14285714285714285]
[http://dbpedia.org/resource/Rafael_van_der_Vaart, http://dbpedia.org/ontology/team, http://dbpedia.org/resource/AFC_Ajax, 2000, 2000, 1997, 1, 0.14285714285714285]
[http://dbpedia.org/resource/Rafael_van_der_Vaart, http://dbpedia.org/ontology/team, http://dbpedia.org/resource/AFC_Ajax, 2000, 2000, 2005, 4, 0.5714285714285714]
[http://dbpedia.org/resource/Rafael_van_der_Vaart, http://dbpedia.org/ontology/team, http://dbpedia.org/resource/AFC_Ajax, 2000, 2000, 2001, 1, 0.14285714285714285]
[http://dbpedia.org/resource/Klaas-Jan_Huntelaar, http://dbpedia.org/ontology/team, http://dbpedia.org/resource/PSV_Eindhoven, 2002, 2004, 2006, 1, 0.125]
[http://dbpedia.org/resource/Klaas-Jan_Huntelaar, http://dbpedia.org/ontology/team, http://dbpedia.org/resource/PSV_Eindhoven, 2002, 2004, 2010, 1, 0.125]
[http://dbpedia.org/resource/Klaas-Jan_Huntelaar, http://dbpedia.org/ontology/team, http://dbpedia.org/resource/PSV_Eindhoven, 2002, 2004, 2004, 3, 0.375]
[http://dbpedia.org/resource/Klaas-Jan_Huntelaar, http://dbpedia.org/ontology/team, http://dbpedia.org/resource/PSV_Eindhoven, 2002, 2004, 2007, 1, 0.125]
[http://dbpedia.org/resource/Klaas-Jan_Huntelaar, http://dbpedia.org/ontology/team, http://dbpedia.org/resource/PSV_Eindhoven, 2002, 2004, 2003, 1, 0.125]
[http://dbpedia.org/resource/Klaas-Jan_Huntelaar, http://dbpedia.org/ontology/team, http://dbpedia.org/resource/PSV_Eindhoven, 2002, 2004, 2002, 1, 0.125]
[http://dbpedia.org/resource/Klaas-Jan_Huntelaar, http://dbpedia.org/ontology/team, http://dbpedia.org/resource/AGOVV_Apeldoorn, 2003, 2004, 2006, 1, 0.05263157894736842]
[http://dbpedia.org/resource/Klaas-Jan_Huntelaar, http://dbpedia.org/ontology/team, http://dbpedia.org/resource/AGOVV_Apeldoorn, 2003, 2004, 2003, 6, 0.3157894736842105]
[http://dbpedia.org/resource/Klaas-Jan_Huntelaar, http://dbpedia.org/ontology/team, http://dbpedia.org/resource/AGOVV_Apeldoorn, 2003, 2004, 2002, 1, 0.05263157894736842]
[http://dbpedia.org/resource/Klaas-Jan_Huntelaar, http://dbpedia.org/ontology/team, http://dbpedia.org/resource/AGOVV_Apeldoorn, 2003, 2004, 2013, 2, 0.10526315789473684]
[http://dbpedia.org/resource/Klaas-Jan_Huntelaar, http://dbpedia.org/ontology/team, http://dbpedia.org/resource/AGOVV_Apeldoorn, 2003, 2004, 2179, 1, 0.05263157894736842]
[http://dbpedia.org/resource/Klaas-Jan_Huntelaar, http://dbpedia.org/ontology/team, http://dbpedia.org/resource/AGOVV_Apeldoorn, 2003, 2004, 2004, 5, 0.2631578947368421]
[http://dbpedia.org/resource/Klaas-Jan_Huntelaar, http://dbpedia.org/ontology/team, http://dbpedia.org/resource/AGOVV_Apeldoorn, 2003, 2004, 2010, 1, 0.05263157894736842]
[http://dbpedia.org/resource/Klaas-Jan_Huntelaar, http://dbpedia.org/ontology/team, http://dbpedia.org/resource/AGOVV_Apeldoorn, 2003, 2004, 2009, 2, 0.10526315789473684]
[http://dbpedia.org/resource/Klaas-Jan_Huntelaar, http://dbpedia.org/ontology/team, http://dbpedia.org/resource/SC_Heerenveen, 2004, 2006, 2006, 4, 0.21052631578947367]
[http://dbpedia.org/resource/Klaas-Jan_Huntelaar, http://dbpedia.org/ontology/team, http://dbpedia.org/resource/SC_Heerenveen, 2004, 2006, 2007, 2, 0.10526315789473684]
[http://dbpedia.org/resource/Klaas-Jan_Huntelaar, http://dbpedia.org/ontology/team, http://dbpedia.org/resource/SC_Heerenveen, 2004, 2006, 2009, 3, 0.15789473684210525]
[http://dbpedia.org/resource/Klaas-Jan_Huntelaar, http://dbpedia.org/ontology/team, http://dbpedia.org/resource/SC_Heerenveen, 2004, 2006, 2002, 1, 0.05263157894736842]
[http://dbpedia.org/resource/Klaas-Jan_Huntelaar, http://dbpedia.org/ontology/team, http://dbpedia.org/resource/SC_Heerenveen, 2004, 2006, 2008, 2, 0.10526315789473684]
[http://dbpedia.org/resource/Klaas-Jan_Huntelaar, http://dbpedia.org/ontology/team, http://dbpedia.org/resource/SC_Heerenveen, 2004, 2006, 2005, 2, 0.10526315789473684]
[http://dbpedia.org/resource/Klaas-Jan_Huntelaar, http://dbpedia.org/ontology/team, http://dbpedia.org/resource/SC_Heerenveen, 2004, 2006, 2004, 4, 0.21052631578947367]
[http://dbpedia.org/resource/Klaas-Jan_Huntelaar, http://dbpedia.org/ontology/team, http://dbpedia.org/resource/SC_Heerenveen, 2004, 2006, 2003, 1, 0.05263157894736842]
[http://dbpedia.org/resource/Klaas-Jan_Huntelaar, http://dbpedia.org/ontology/team, http://dbpedia.org/resource/A.C._Milan, 2009, 2010, 2010, 4, 0.8]
[http://dbpedia.org/resource/Klaas-Jan_Huntelaar, http://dbpedia.org/ontology/team, http://dbpedia.org/resource/A.C._Milan, 2009, 2010, 1983, 1, 0.2]
[http://dbpedia.org/resource/Klaas-Jan_Huntelaar, http://dbpedia.org/ontology/team, http://dbpedia.org/resource/AFC_Ajax, 2006, 2009, 2006, 5, 0.22727272727272727]
[http://dbpedia.org/resource/Klaas-Jan_Huntelaar, http://dbpedia.org/ontology/team, http://dbpedia.org/resource/AFC_Ajax, 2006, 2009, 1994, 1, 0.045454545454545456]
[http://dbpedia.org/resource/Klaas-Jan_Huntelaar, http://dbpedia.org/ontology/team, http://dbpedia.org/resource/AFC_Ajax, 2006, 2009, 2007, 2, 0.09090909090909091]
[http://dbpedia.org/resource/Klaas-Jan_Huntelaar, http://dbpedia.org/ontology/team, http://dbpedia.org/resource/AFC_Ajax, 2006, 2009, 2004, 3, 0.13636363636363635]
[http://dbpedia.org/resource/Klaas-Jan_Huntelaar, http://dbpedia.org/ontology/team, http://dbpedia.org/resource/AFC_Ajax, 2006, 2009, 2008, 5, 0.22727272727272727]
[http://dbpedia.org/resource/Klaas-Jan_Huntelaar, http://dbpedia.org/ontology/team, http://dbpedia.org/resource/AFC_Ajax, 2006, 2009, 2009, 3, 0.13636363636363635]
[http://dbpedia.org/resource/Klaas-Jan_Huntelaar, http://dbpedia.org/ontology/team, http://dbpedia.org/resource/AFC_Ajax, 2006, 2009, 2010, 2, 0.09090909090909091]
[http://dbpedia.org/resource/Klaas-Jan_Huntelaar, http://dbpedia.org/ontology/team, http://dbpedia.org/resource/AFC_Ajax, 2006, 2009, 2005, 1, 0.045454545454545456]
[http://dbpedia.org/resource/Klaas-Jan_Huntelaar, http://dbpedia.org/ontology/team, http://dbpedia.org/resource/Real_Madrid_C.F., 2009, null, 2009, 2, 0.2222222222222222]
[http://dbpedia.org/resource/Klaas-Jan_Huntelaar, http://dbpedia.org/ontology/team, http://dbpedia.org/resource/Real_Madrid_C.F., 2009, null, 2013, 3, 0.3333333333333333]
[http://dbpedia.org/resource/Klaas-Jan_Huntelaar, http://dbpedia.org/ontology/team, http://dbpedia.org/resource/Real_Madrid_C.F., 2009, null, 2008, 3, 0.3333333333333333]
[http://dbpedia.org/resource/Klaas-Jan_Huntelaar, http://dbpedia.org/ontology/team, http://dbpedia.org/resource/Real_Madrid_C.F., 2009, null, 2006, 1, 0.1111111111111111]
[http://dbpedia.org/resource/Gary_Hooper, http://dbpedia.org/ontology/team, http://dbpedia.org/resource/Scunthorpe_United_F.C., 2008, 2010, 2010, 5, 0.08928571428571429]
[http://dbpedia.org/resource/Gary_Hooper, http://dbpedia.org/ontology/team, http://dbpedia.org/resource/Scunthorpe_United_F.C., 2008, 2010, 2012, 2, 0.03571428571428571]
[http://dbpedia.org/resource/Gary_Hooper, http://dbpedia.org/ontology/team, http://dbpedia.org/resource/Scunthorpe_United_F.C., 2008, 2010, 2007, 1, 0.017857142857142856]
[http://dbpedia.org/resource/Gary_Hooper, http://dbpedia.org/ontology/team, http://dbpedia.org/resource/Scunthorpe_United_F.C., 2008, 2010, 2011, 1, 0.017857142857142856]
[http://dbpedia.org/resource/Gary_Hooper, http://dbpedia.org/ontology/team, http://dbpedia.org/resource/Scunthorpe_United_F.C., 2008, 2010, 2013, 40, 0.7142857142857143]
[http://dbpedia.org/resource/Gary_Hooper, http://dbpedia.org/ontology/team, http://dbpedia.org/resource/Scunthorpe_United_F.C., 2008, 2010, 1988, 3, 0.05357142857142857]
[http://dbpedia.org/resource/Gary_Hooper, http://dbpedia.org/ontology/team, http://dbpedia.org/resource/Scunthorpe_United_F.C., 2008, 2010, 2009, 1, 0.017857142857142856]
[http://dbpedia.org/resource/Gary_Hooper, http://dbpedia.org/ontology/team, http://dbpedia.org/resource/Scunthorpe_United_F.C., 2008, 2010, 2008, 3, 0.05357142857142857]
[http://dbpedia.org/resource/Gary_Hooper, http://dbpedia.org/ontology/team, http://dbpedia.org/resource/Celtic_F.C., 2010, null, 2011, 4, 0.047058823529411764]
[http://dbpedia.org/resource/Gary_Hooper, http://dbpedia.org/ontology/team, http://dbpedia.org/resource/Celtic_F.C., 2010, null, 2008, 1, 0.011764705882352941]
[http://dbpedia.org/resource/Gary_Hooper, http://dbpedia.org/ontology/team, http://dbpedia.org/resource/Celtic_F.C., 2010, null, 2012, 16, 0.18823529411764706]
[http://dbpedia.org/resource/Gary_Hooper, http://dbpedia.org/ontology/team, http://dbpedia.org/resource/Celtic_F.C., 2010, null, 1988, 5, 0.058823529411764705]
[http://dbpedia.org/resource/Gary_Hooper, http://dbpedia.org/ontology/team, http://dbpedia.org/resource/Celtic_F.C., 2010, null, 2009, 1, 0.011764705882352941]
[http://dbpedia.org/resource/Gary_Hooper, http://dbpedia.org/ontology/team, http://dbpedia.org/resource/Celtic_F.C., 2010, null, 2013, 46, 0.5411764705882353]
[http://dbpedia.org/resource/Gary_Hooper, http://dbpedia.org/ontology/team, http://dbpedia.org/resource/Celtic_F.C., 2010, null, 2010, 11, 0.12941176470588237]
[http://dbpedia.org/resource/Gary_Hooper, http://dbpedia.org/ontology/team, http://dbpedia.org/resource/Celtic_F.C., 2010, null, 2001, 1